ワークスペース	Workspace	Arbeitsbereich	Espace de travail	작업 공간	工作区	工作區
所持アイテム	Owned items	Besitzte Gegenstände	Objets possédés	보유 아이템	持有物品	持有物品
出品中	Listed for sale	Zum Verkauf	En vente	판매 등록 중	出售中	出售中
キャラクター	Characters	Charaktere	Personnages	캐릭터	角色	角色
フリーカンパニー	Free Companies	Freie Gesellschaften	Compagnies libres	자유부대	部队	部隊
リテイナー販売履歴	Retainer sales history	Gehilfen-Verkäufe	Ventes des servants	집사 판매 기록	雇员销售记录	雇員銷售紀錄
リテイナー所持ギル履歴	Retainer gil history	Gehilfen-Gil-Verlauf	Historique des gils des servants	집사 길 보유 기록	雇员金币记录	雇員金幣紀錄
アイテム価格推移（マイリスト）	List value history	Listenwert-Verlauf	Valeur des listes	내 목록 가격 추이	列表物品价格走势	清單物品價格走勢
アイテム価格推移	Item value history	Gegenstandswert-Verlauf	Valeur des objets	아이템 가격 추이	物品价格走势	物品價格走勢
アイテム数推移	Item quantity history	Mengenverlauf	Quantité des objets	아이템 수량 추이	物品数量走势	物品數量走勢
収支履歴	Gil history	Gil-Verlauf	Historique des gils	길 변동 기록	收支记录	收支紀錄
FCポイント履歴	FC credit history	FG-Punkteverlauf	Historique des crédits de CL	부대 포인트 기록	部队点数记录	部隊點數紀錄
履歴	History	Verlauf	Historique	기록	历史	歷史
お気に入り	Favorites	Favoriten	Favoris	즐겨찾기	收藏	收藏
新しいマイリスト	New list	Neue Liste	Nouvelle liste	새 목록	新建列表	新增清單
マイリストを作成	Create list	Liste erstellen	Créer une liste	목록 만들기	创建列表	建立清單
マイリスト設定で合算	Total by list settings	Summe nach Listeneinstellungen	Total selon les listes	목록 설정으로 합산	按列表设置合计	依清單設定合計
マイリスト設定	List settings	Listeneinstellungen	Paramètres de liste	목록 설정	列表设置	清單設定
マイリスト	My lists	Meine Listen	Mes listes	내 목록	我的列表	我的清單
テーマ	Theme	Design	Thème	테마	主题	主題
ダーク	Dark	Dunkel	Sombre	어둡게	深色	深色
グリーン	Green	Grün	Vert	초록	绿色	綠色
ホワイト	White	Weiß	Blanc	흰색	白色	白色
グレー	Gray	Grau	Gris	회색	灰色	灰色
接続・データ設定	Connection and data	Verbindung und Daten	Connexion et données	연결 및 데이터 설정	连接与数据设置	連線與資料設定
ローカル保存	Local storage	Lokaler Speicher	Stockage local	로컬 저장	本地保存	本機儲存
ライブラリ	Library	Bibliothek	Bibliothèque	라이브러리	资料库	資料庫
このPCで接続中	Connected to this PC	Mit diesem PC verbunden	Connecté à ce PC	이 PC에 연결됨	已连接本机	已連線至本機
データ更新	Data updates	Datenaktualisierung	Mise à jour des données	데이터 갱신	数据更新	資料更新
再読み込み	Reload	Neu laden	Recharger	새로 고침	重新加载	重新載入
ロドスト情報を更新	Refresh Lodestone	Lodestone aktualisieren	Actualiser Lodestone	로드스톤 갱신	更新Lodestone	更新Lodestone
マーケット販売価格を更新	Update market prices	Marktpreise aktualisieren	Actualiser les prix du marché	장터 가격 갱신	更新市场价格	更新市場價格
アイテムを登録	Add items	Gegenstände hinzufügen	Ajouter des objets	아이템 등록	添加物品	新增物品
個数・価格の推移を見る	View quantity / value history	Mengen- / Wertverlauf	Voir quantité / valeur	수량·가격 추이 보기	查看数量及价格走势	查看數量及價格走勢
参照価格	Valuation basis	Bewertungsbasis	Base de valorisation	참조 가격	参考价格	參考價格
名前を変更	Rename	Umbenennen	Renommer	이름 변경	重命名	重新命名
リストを削除	Delete list	Liste löschen	Supprimer la liste	목록 삭제	删除列表	刪除清單
NPC売却（合計）	NPC sell total	NPC-Verkauf gesamt	Total vente PNJ	NPC 판매 합계	NPC出售合计	NPC出售合計
NPC売却	NPC sell	NPC-Verkauf	Vente PNJ	NPC 판매	NPC出售	NPC出售
NPC購入	NPC buy	NPC-Kauf	Achat PNJ	NPC 구매	NPC购买	NPC購買
マーケット価格	Market price	Marktpreis	Prix du marché	장터 가격	市场价格	市場價格
マーケット最安価格	Lowest market price	Niedrigster Marktpreis	Prix minimal du marché	장터 최저가	市场最低价	市場最低價
マーケット販売価格順	Market price	Marktpreis	Prix du marché	장터 가격	市场价格	市場價格
マーケット合計	Market total	Marktwert gesamt	Total du marché	장터 합계	市场合计	市場合計
換金アイテム	Cash items	Verkaufsgegenstände	Objets à revendre	환금 아이템	变现物品	變現物品
マーケット換算	Market valuation	Marktbewertung	Valeur de marché	장터 환산	市场估值	市場估值
アイテム名・IDで検索	Search item name or ID	Name oder ID suchen	Rechercher un nom ou ID	아이템 이름·ID 검색	搜索物品名称或ID	搜尋物品名稱或ID
名前・ワールドで検索	Search name / world	Name / Welt suchen	Chercher nom / Monde	이름·서버 검색	搜索名称或服务器	搜尋名稱或伺服器
すべての保管者	All owners	Alle Besitzer	Tous les détenteurs	모든 보유자	所有持有者	所有持有者
すべての保管場所	All locations	Alle Lagerorte	Tous les emplacements	모든 보관 장소	所有存放位置	所有存放位置
保管場所	Storage location	Lagerort	Emplacement	보관 장소	存放位置	存放位置
保管者	Owner	Besitzer	Détenteur	보유자	持有者	持有者
保管先	Location	Lagerort	Emplacement	보관처	存放处	存放處
ソート方向	Sort direction	Sortierrichtung	Sens du tri	정렬 방향	排序方向	排序方向
ソート	Sort	Sortierung	Trier	정렬	排序	排序
名前順	Name	Name	Nom	이름	名称	名稱
ワールド順	World	Welt	Monde	서버	服务器	伺服器
所持数順	Quantity	Menge	Quantité	보유 수량	持有数量	持有數量
個数順	Quantity	Menge	Quantité	수량	数量	數量
位置順	Slot	Platz	Case	슬롯	位置	位置
タグ順	Tags	Tags	Étiquettes	태그	标签	標籤
昇順	Ascending	Aufsteigend	Croissant	오름차순	升序	升冪
降順	Descending	Absteigend	Décroissant	내림차순	降序	降冪
リテイナー所持金	Retainer gil	Gehilfen-Gil	Gils des servants	집사 보유 길	雇员金币	雇員金幣
所持金	Gil	Gil	Gils	보유 길	持有金币	持有金幣
変更検出日時	Last change	Letzte Änderung	Dernière modification	변경 감지 시각	变更检测时间	變更偵測時間
フィルター	Filter	Filter	Filtre	필터	筛选	篩選
アクティブ	Active	Aktiv	Actifs	활성	活跃	啟用
除外	Excluded	Ausgeschlossen	Exclus	제외	排除	排除
すべて	All	Alle	Tous	전체	全部	全部
所持数の合計	Total quantity	Gesamtmenge	Quantité totale	보유 수량 합계	持有数量合计	持有數量合計
アイテム種類	Item types	Gegenstandsarten	Types d’objets	아이템 종류	物品种类	物品種類
データ保存日時	Data saved	Daten gespeichert	Données enregistrées	데이터 저장 시각	数据保存时间	資料儲存時間
出品中を除外	Exclude listed items	Angebote ausschließen	Exclure les objets en vente	판매 등록 중 제외	排除出售中	排除出售中
出品中除外	Exclude listed items	Angebote ausschließen	Exclure les objets en vente	판매 등록 중 제외	排除出售中	排除出售中
0個を除外	Exclude zero quantity	Nullmengen ausschließen	Exclure les quantités nulles	0개 제외	排除0个	排除0個
アーマリーチェストを除外	Exclude Armoury Chest	Arsenal ausschließen	Exclure l’arsenal	장비함 제외	排除兵装库	排除兵裝庫
絞り込みをクリア	Clear filters	Filter zurücksetzen	Effacer les filtres	필터 초기화	清除筛选	清除篩選
アイテムごと	By item	Nach Gegenstand	Par objet	아이템별	按物品	依物品
アイテム種別ごと	By category	Nach Kategorie	Par catégorie	종류별	按物品种类	依物品種類
保管場所ごと	By location	Nach Lagerort	Par emplacement	보관 장소별	按存放位置	依存放位置
保管者ごと	By owner	Nach Besitzer	Par détenteur	보유자별	按持有者	依持有者
個数	Quantity	Menge	Quantité	수량	数量	數量
所持数	Owned quantity	Besitzmenge	Quantité possédée	보유 수량	持有数量	持有數量
アイテム	Item	Gegenstand	Objet	아이템	物品	物品
追加	Add	Hinzufügen	Ajouter	추가	添加	新增
合計	Total	Gesamt	Total	합계	合计	合計
前日比	Daily change	Tagesänderung	Variation journalière	전일 대비	较前日	較前日
比較なし	No comparison	Kein Vergleich	Sans comparaison	비교 없음	无对比	無對比
未記録	Not recorded	Nicht erfasst	Non enregistré	기록 없음	未记录	未記錄
未取得／出品なし	Unavailable / no listings	Nicht verfügbar / keine Angebote	Indisponible / aucune offre	미취득 / 출품 없음	未获取／无出售	未取得／無出售
未取得	Unavailable	Nicht verfügbar	Indisponible	미취득	未获取	未取得
日本全体	All Japan worlds	Alle japanischen Welten	Tous les Mondes japonais	일본 전체 서버	日本全服	日本全服
プレイヤー	Player	Spieler	Joueur	플레이어	玩家	玩家
リテイナー	Retainer	Gehilfe	Servant	집사	雇员	雇員
所持品	Inventory	Inventar	Inventaire	소지품	背包	背包
チョコボかばん	Chocobo saddlebag	Chocobo-Satteltasche	Sacoche chocobo	초코보 가방	陆行鸟鞍囊	陸行鳥鞍囊
プレミアムかばん	Premium saddlebag	Premium-Satteltasche	Sacoche premium	프리미엄 가방	高级鞍囊	高級鞍囊
装備・アーマリーチェスト	Equipment / Armoury Chest	Ausrüstung / Arsenal	Équipement / Arsenal	장비·장비함	装备／兵装库	裝備／兵裝庫
ミラージュドレッサー	Glamour dresser	Projektionskommode	Coiffeuse mirage	투영의 옷장	幻化台	幻化台
愛蔵品キャビネット	Armoire	Kostbarkeitenkabinett	Bahut personnel	추억의 보관함	收藏柜	收藏櫃
装備中	Equipped	Angelegt	Équipé	장착 중	已装备	已裝備
通貨・トークン	Currencies and tokens	Währungen und Marken	Monnaies et jetons	화폐·토큰	货币与代币	貨幣與代幣
バトル系	Battle	Kampf	Combat	전투	战斗	戰鬥
友好部族（蛮族）	Allied societies	Verbündete Völker	Peuples alliés	우호 부족	友好部族	友好部族
生活・その他	Crafting and other	Handwerk und Sonstiges	Artisanat et autres	생활·기타	生产及其他	生產及其他
メイン	Main	Hauptcharakter	Principal	메인	主角色	主角色
サブ番号	Alt number	Nebencharakter-Nr.	Numéro secondaire	부캐 번호	副角色编号	分身編號
サブ	Alt	Nebencharakter	Secondaire	부캐	副角色	分身
潜水艦用	Submarine	Tauchboot	Sous-marin	잠수함용	潜水艇用	潛水艇用
タグ	Tags	Tags	Étiquettes	태그	标签	標籤
表示形式	View	Ansicht	Affichage	표시 형식	显示方式	顯示方式
一覧表示	List view	Listenansicht	Vue de liste	목록 표시	列表显示	清單顯示
リスト（詳細）	Detailed list	Detaillierte Liste	Liste détaillée	상세 목록	详细列表	詳細清單
リスト（縦1列）	List (one column)	Liste (eine Spalte)	Liste (une colonne)	목록 (세로 1열)	列表（单列）	清單（單欄）
タイル	Tiles	Kacheln	Tuiles	타일	平铺	磚塊
詳細	Details	Details	Détails	상세	详细	詳細
バッグ	Bags	Taschen	Sacs	가방	背包格子	背包格子
閉じる	Close	Schließen	Fermer	닫기	关闭	關閉
保存	Save	Speichern	Enregistrer	저장	保存	儲存
キャンセル	Cancel	Abbrechen	Annuler	취소	取消	取消
登録	Register	Registrieren	Enregistrer	등록	登记	登錄
名前	Name	Name	Nom	이름	名称	名稱
ワールド	World	Welt	Monde	서버	服务器	伺服器
期間	Period	Zeitraum	Période	기간	期间	期間
今日	Today	Heute	Aujourd’hui	오늘	今天	今天
昨日	Yesterday	Gestern	Hier	어제	昨天	昨天
日付指定	Specific date	Datum wählen	Date précise	날짜 지정	指定日期	指定日期
期間指定	Date range	Datumsbereich	Plage de dates	기간 지정	指定期间	指定期間
開始日	Start date	Startdatum	Date de début	시작일	开始日期	開始日期
終了日	End date	Enddatum	Date de fin	종료일	结束日期	結束日期
日付	Date	Datum	Date	날짜	日期	日期
対象	Target	Ziel	Cible	대상	对象	對象
表示	Display	Anzeige	Affichage	표시	显示	顯示
変動対象	Changed items	Geänderte Gegenstände	Objets modifiés	변동 대상	变动物品	變動物品
変動した保管先	Changed locations	Geänderte Lagerorte	Emplacements modifiés	변동 보관처	发生变动的位置	發生變動的位置
内訳	Breakdown	Aufschlüsselung	Détail	내역	明细	明細
増減	Change	Änderung	Variation	증감	增减	增減
最終記録額	Last recorded value	Letzter Wert	Dernière valeur	최종 기록 금액	最后记录金额	最後紀錄金額
前日の最終記録額	Previous daily closing value	Letzter Vortageswert	Dernière valeur de la veille	전일 최종 금액	前日最终金额	前日最終金額
日別の最終記録額	Daily closing values	Tägliche Schlusswerte	Valeurs de clôture quotidiennes	일별 최종 금액	每日最终金额	每日最終金額
金額の変動履歴	Value changes	Wertänderungen	Variations de valeur	금액 변동 기록	金额变动记录	金額變動紀錄
金額	Amount	Betrag	Montant	금액	金额	金額
件数	Records	Einträge	Enregistrements	건수	记录数	紀錄數
販売件数	Sales count	Verkaufsanzahl	Nombre de ventes	판매 건수	销售笔数	銷售筆數
販売数量	Quantity sold	Verkaufte Menge	Quantité vendue	판매 수량	销售数量	銷售數量
販売金額	Sales amount	Verkaufsbetrag	Montant des ventes	판매 금액	销售金额	銷售金額
売却単価	Unit sell price	Verkaufspreis pro Stück	Prix de vente unitaire	판매 단가	出售单价	出售單價
単価	Unit price	Stückpreis	Prix unitaire	단가	单价	單價
税引後	After tax	Nach Steuern	Après taxes	세후	税后	稅後
手数料	Fee	Gebühr	Frais	수수료	手续费	手續費
前へ	Previous	Zurück	Précédent	이전	上一页	上一頁
次へ	Next	Weiter	Suivant	다음	下一页	下一頁
ロドストを開く	Open Lodestone	Lodestone öffnen	Ouvrir Lodestone	로드스톤 열기	打开Lodestone	開啟Lodestone
このキャラクターを除外する	Exclude this character	Diesen Charakter ausschließen	Exclure ce personnage	이 캐릭터 제외	排除此角色	排除此角色
この保管先の価格を更新	Update prices here	Preise hier aktualisieren	Actualiser les prix ici	이 보관처 가격 갱신	更新此位置价格	更新此位置價格
同じアイテムを強調	Highlight matching items	Gleiche Gegenstände hervorheben	Surligner les objets identiques	같은 아이템 강조	突出同类物品	標示相同物品
バッグで位置を確認	Locate in bag	In Tasche anzeigen	Localiser dans le sac	가방 위치 확인	查看背包位置	查看背包位置
誰が・どこに・何個	Who / where / how many	Wer / wo / wie viel	Qui / où / combien	누가·어디에·몇 개	谁持有／位置／数量	持有者／位置／數量
全体で検索	Search all items	Überall suchen	Rechercher partout	전체 검색	全局搜索	全域搜尋
エオルゼアデータベース	Eorzea Database	Eorzea-Datenbank	Base de données d’Éorzéa	에오르제아 데이터베이스	艾欧泽亚数据库	艾奧傑亞資料庫
通常	Normal	Normal	Normal	일반	普通	普通
収集品	Collectable	Sammlerstück	Objet collectionnable	소장품	收藏品	收藏品
スタック	 stacks	 Stapel	 piles	 묶음	组	組
スロット	Slot	Platz	Case	슬롯	格子	格子
位置	Position	Position	Position	위치	位置	位置
種類	 types	 Arten	 types	종류	种	種
件	 records	 Einträge	 entrées	건	条	筆
個	 units	 Stück	 unités	개	个	個
人	 characters	 Charaktere	 personnages	명	人	人
枠	 slots	 Plätze	 cases	칸	格	格
ギル	Gil	Gil	Gils	길	金币	金幣
その他	Other	Sonstiges	Autres	기타	其他	其他
設定	Settings	Einstellungen	Paramètres	설정	设置	設定
言語	Language	Sprache	Langue	언어	语言	語言
ホーム	Home	Start	Accueil	홈	首页	首頁
接続を確認中	Checking connection	Verbindung wird geprüft	Vérification de la connexion	연결 확인 중	正在检查连接	正在檢查連線
読み込み中…	Loading…	Laden…	Chargement…	불러오는 중…	加载中…	載入中…
まとめ方	Group by	Gruppieren nach	Regrouper par	그룹화	分组方式	分組方式
アイテムごとに合算	Combine by item	Nach Gegenstand summieren	Regrouper par objet	아이템별 합산	按物品合并	依物品合併
保管者・保管場所ごと	By owner and location	Nach Besitzer und Lagerort	Par détenteur et emplacement	보유자·보관처별	按持有者及位置	依持有者及位置
登録先のリストへ戻る	Back to destination list	Zurück zur Zielliste	Retour à la liste cible	등록 목록으로 돌아가기	返回目标列表	返回目標清單
追加先	Destination list	Zielliste	Liste cible	추가할 목록	目标列表	目標清單
アイテムがありません	No items	Keine Gegenstände	Aucun objet	아이템 없음	没有物品	沒有物品
すべてのアイテムから探す	Search all items	Alle Gegenstände durchsuchen	Chercher parmi tous les objets	모든 아이템에서 검색	搜索全部物品	搜尋全部物品
アイテムを検索	Search items	Gegenstände suchen	Rechercher des objets	아이템 검색	搜索物品	搜尋物品
顔画像を取得できないキャラクター	Characters without portraits	Charaktere ohne Porträt	Personnages sans portrait	초상화를 불러올 수 없는 캐릭터	无法获取头像的角色	無法取得頭像的角色
リテイナー一覧	Retainers	Gehilfen	Servants	집사 목록	雇员列表	雇員清單
キャラクター一覧へ	Back to characters	Zur Charakterliste	Retour aux personnages	캐릭터 목록으로	返回角色列表	返回角色清單
キャラクターに戻る	Back to character	Zurück zum Charakter	Retour au personnage	캐릭터로 돌아가기	返回角色	返回角色
バッグ表示	Bag view	Taschenansicht	Vue des sacs	가방 표시	背包视图	背包檢視
ハイライトを解除	Clear highlight	Markierung entfernen	Effacer le surlignage	강조 해제	取消突出显示	取消標示
全期間	All time	Gesamter Zeitraum	Toute la période	전체 기간	全部时间	全部時間
条件をクリア	Clear conditions	Bedingungen löschen	Effacer les critères	조건 초기화	清除条件	清除條件
販売記録	Sales records	Verkaufsaufzeichnungen	Enregistrements de ventes	판매 기록	销售记录	銷售紀錄
販売個数	Units sold	Verkaufte Stückzahl	Unités vendues	판매 개수	销售数量	銷售數量
売上合計（手数料控除前）	Gross sales total	Bruttoumsatz	Total brut des ventes	수수료 차감 전 매출	销售总额（手续费前）	銷售總額（手續費前）
キャラクター・リテイナー別の売上	Sales by character / retainer	Umsatz nach Charakter / Gehilfe	Ventes par personnage / servant	캐릭터·집사별 매출	角色及雇员销售额	角色及雇員銷售額
販売履歴	Sales history	Verkaufsverlauf	Historique des ventes	판매 기록	销售记录	銷售紀錄
販売検出日時	Sale detected at	Verkauf erkannt am	Vente détectée le	판매 감지 시각	销售检测时间	銷售偵測時間
販売単価	Unit sale price	Verkaufspreis pro Stück	Prix de vente unitaire	판매 단가	销售单价	銷售單價
売上金額	Sales revenue	Verkaufserlös	Montant des ventes	매출 금액	销售金额	銷售金額
手数料控除前	Before fees	Vor Gebühren	Avant frais	수수료 차감 전	手续费前	手續費前
新しいマイリスト名	New list name	Neuer Listenname	Nom de la nouvelle liste	새 목록 이름	新列表名称	新清單名稱
定期更新の間隔	Refresh interval	Aktualisierungsintervall	Intervalle d’actualisation	자동 갱신 간격	定时更新间隔	定時更新間隔
10秒	10 seconds	10 Sekunden	10 secondes	10초	10秒	10秒
30秒	30 seconds	30 Sekunden	30 secondes	30초	30秒	30秒
1分（標準）	1 minute (default)	1 Minute (Standard)	1 minute (par défaut)	1분 (기본값)	1分钟（默认）	1分鐘（預設）
2分	2 minutes	2 Minuten	2 minutes	2분	2分钟	2分鐘
5分	5 minutes	5 Minuten	5 minutes	5분	5分钟	5分鐘
10分	10 minutes	10 Minuten	10 minutes	10분	10分钟	10分鐘
更新間隔を保存	Save interval	Intervall speichern	Enregistrer l’intervalle	갱신 간격 저장	保存更新间隔	儲存更新間隔
保存して接続	Save and connect	Speichern und verbinden	Enregistrer et connecter	저장 및 연결	保存并连接	儲存並連線
アイテム辞書	Item catalog	Gegenstandskatalog	Catalogue d’objets	아이템 사전	物品词典	物品辭典
日本語名・NPC価格を更新	Update Japanese names and NPC prices	Japanische Namen und NPC-Preise aktualisieren	Actualiser les noms japonais et prix PNJ	일본어 이름·NPC 가격 업데이트	更新日文名称及NPC价格	更新日文名稱及NPC價格
保管者の表示名	Owner display names	Anzeigenamen der Besitzer	Noms des détenteurs	보유자 표시 이름	持有者显示名称	持有者顯示名稱
削除する	Delete	Löschen	Supprimer	삭제	删除	刪除
Allagan Tools が記録したアイテムをまとめて確認。	Browse inventory recorded by Allagan Tools.	Von Allagan Tools erfasstes Inventar ansehen.	Consultez l’inventaire enregistré par Allagan Tools.	Allagan Tools가 기록한 아이템을 확인합니다.	查看Allagan Tools记录的物品。	查看Allagan Tools記錄的物品。
保存ファイルを読み取ります。Allagan Tools のファイルは変更しません。	Reads saved files without modifying Allagan Tools files.	Liest Speicherdateien, ohne Allagan-Tools-Dateien zu ändern.	Lit les sauvegardes sans modifier les fichiers Allagan Tools.	저장 파일을 읽으며 Allagan Tools 파일을 변경하지 않습니다.	仅读取保存文件，不修改Allagan Tools文件。	僅讀取儲存檔案，不修改Allagan Tools檔案。
所持品・所持金・販売履歴の保存データと画面を更新する間隔です。ロドスト・マーケット価格の取得間隔ではありません。	Updates saved inventory, gil and sales data. Lodestone and market prices are refreshed separately.	Aktualisiert Inventar, Gil und Verkäufe. Lodestone und Marktpreise werden separat aktualisiert.	Actualise l’inventaire, les gils et les ventes. Lodestone et les prix du marché sont actualisés séparément.	소지품·길·판매 기록을 갱신합니다. 로드스톤과 장터 가격은 별도로 갱신됩니다.	更新已保存的背包、金币和销售记录。Lodestone及市场价格需单独更新。	更新已儲存的背包、金幣和銷售紀錄。Lodestone及市場價格需另行更新。
公開XIVAPIから辞書を取得します。所持品・保管者・マイリストは送信しません。取得後はオフラインでも利用できます。	Downloads the catalog from public XIVAPI. Inventory, holders and lists are not sent. The downloaded catalog also works offline.	Lädt den Katalog von der öffentlichen XIVAPI. Inventare, Besitzer und Listen werden nicht gesendet. Danach ist der Katalog auch offline verfügbar.	Télécharge le catalogue depuis XIVAPI public. Inventaire, détenteurs et listes ne sont pas envoyés. Le catalogue fonctionne ensuite hors ligne.	공개 XIVAPI에서 사전을 받습니다. 소지품·보관자·목록은 전송하지 않으며 다운로드 후 오프라인에서도 사용 가능합니다.	从公开XIVAPI下载目录，不发送物品、持有者或列表。下载后可离线使用。	從公開XIVAPI下載目錄，不傳送物品、持有者或清單。下載後可離線使用。
識別番号に分かりやすい名前を付けられます。	Assign a readable name to each owner ID.	Besitzer-IDs verständliche Namen geben.	Attribuez un nom lisible à chaque identifiant.	식별 번호에 알아보기 쉬운 이름을 지정합니다.	为标识号设置易读的名称。	為識別碼設定易讀的名稱。
取得失敗は削除確定ではありません。6時間ごとに再取得し、最初の失敗から36時間で自動取得を停止します。	A failed portrait does not confirm deletion. Retry every 6 hours; stop automatic retries 36 hours after the first failure.	Ein Porträtfehler bestätigt keine Löschung. Wiederholung alle 6 Stunden; automatische Versuche enden 36 Stunden nach dem ersten Fehler.	Un échec de portrait ne confirme pas une suppression. Nouvel essai toutes les 6 heures, arrêté 36 heures après le premier échec.	초상화 실패가 삭제 확정은 아닙니다. 6시간마다 재시도하며 첫 실패 후 36시간이 지나면 자동 재시도를 중단합니다.	头像获取失败不代表角色已删除。每6小时重试，首次失败36小时后停止自动重试。	頭像取得失敗不代表角色已刪除。每6小時重試，首次失敗36小時後停止自動重試。
Allagan Toolsが最後に保存した配置を表示します。ゲーム内での移動・並べ替えは次の保存後に反映されます。空のマスは保存データ上の未配置スロットです。未読込の保管先は表示されません。	Shows the last layout saved by Allagan Tools. In-game moves and sorting appear after the next save. Empty cells are unoccupied saved slots. Unloaded locations are omitted.	Zeigt die zuletzt von Allagan Tools gespeicherte Anordnung. Verschieben und Sortieren im Spiel erscheinen nach dem nächsten Speichern. Leere Felder sind unbelegte Speicherplätze. Ungeladene Lagerorte fehlen.	Affiche la dernière disposition sauvegardée par Allagan Tools. Les déplacements et tris en jeu apparaissent à la sauvegarde suivante. Les cases vides sont inoccupées dans les données. Les emplacements non chargés sont omis.	Allagan Tools의 마지막 저장 배치입니다. 게임 내 이동·정렬은 다음 저장 후 반영됩니다. 빈칸은 저장 데이터의 빈 슬롯이며 읽지 않은 보관처는 표시하지 않습니다.	显示Allagan Tools最后保存的布局。游戏内移动和排序在下次保存后反映。空格表示存档中的空槽，未加载的位置不显示。	顯示Allagan Tools最後儲存的配置。遊戲內移動和排序於下次儲存後反映。空格表示存檔中的空槽，未載入的位置不顯示。
該当する販売記録がありません。期間・検索条件を確認してください。	No matching sales. Check the period and search filters.	Keine passenden Verkäufe. Zeitraum und Filter prüfen.	Aucune vente correspondante. Vérifiez la période et les filtres.	일치하는 판매 기록이 없습니다. 기간과 검색 조건을 확인하세요.	没有符合条件的销售记录，请检查期间及筛选条件。	沒有符合條件的銷售紀錄，請檢查期間及篩選條件。
一覧からキャラクターを選び、所持品やリテイナーを確認。	Select a character to view inventory and retainers.	Charakter wählen, um Inventar und Gehilfen anzuzeigen.	Sélectionnez un personnage pour voir son inventaire et ses servants.	캐릭터를 선택해 소지품과 집사를 확인하세요.	选择角色以查看背包和雇员。	選擇角色以查看背包和雇員。
一覧からフリーカンパニーを選び、ポイントやチェストを確認。	Select a Free Company to view credits and its chest.	Freie Gesellschaft wählen, um Punkte und Truhe anzuzeigen.	Sélectionnez une compagnie libre pour voir ses crédits et son coffre.	자유부대를 선택해 포인트와 금고를 확인하세요.	选择部队以查看点数和部队箱。	選擇部隊以查看點數和部隊箱。
アイテムの所持数と保管先を確認。「0個を除外」をオフにすると未所持品も検索できます。	Check quantities and locations. Disable “Exclude zero quantity” to search unowned items too.	Mengen und Lagerorte prüfen. Ohne „Nullmengen ausschließen“ werden auch nicht besessene Gegenstände gefunden.	Consultez quantités et emplacements. Désactivez le filtre des quantités nulles pour trouver aussi les objets non possédés.	수량과 보관처를 확인합니다. 0개 제외를 끄면 미보유 아이템도 검색할 수 있습니다.	查看数量和存放处。关闭“排除0个”可搜索未持有物品。	查看數量和存放處。關閉「排除0個」可搜尋未持有物品。
Allagan Tools が最後に記録した、リテイナーの出品中アイテムを確認。	View retainer listings last saved by Allagan Tools.	Zuletzt von Allagan Tools gespeicherte Gehilfen-Angebote ansehen.	Consultez les offres des servants enregistrées par Allagan Tools.	Allagan Tools가 마지막으로 기록한 집사 출품을 확인합니다.	查看Allagan Tools最后记录的雇员出售物品。	查看Allagan Tools最後記錄的雇員出售物品。
日別の最終記録額と、金額の増減を確認。	View daily closing values and changes.	Tägliche Schlusswerte und Änderungen anzeigen.	Consultez les dernières valeurs quotidiennes et leurs variations.	일별 최종 금액과 증감을 확인합니다.	查看每日最终金额及变动。	查看每日最終金額及變動。
キャラクター・リテイナー・FCが所持する通貨とトークンを確認。	View character, retainer and Free Company currencies and tokens.	Währungen von Charakteren, Gehilfen und Freien Gesellschaften ansehen.	Consultez les monnaies des personnages, servants et compagnies libres.	캐릭터·집사·자유부대의 화폐와 토큰을 확인합니다.	查看角色、雇员及部队的货币与代币。	查看角色、雇員及部隊的貨幣與代幣。
気になるアイテムを、すぐ手の届く場所に。	Keep useful items close at hand.	Wichtige Gegenstände schnell wiederfinden.	Gardez vos objets utiles à portée de main.	관심 있는 아이템을 쉽게 확인하세요.	快速查看关注的物品。	快速查看關注的物品。
キャラクター別に、売れた商品・個数・金額・検出日時を確認。	View sold items, quantities, amounts and detection times by character.	Verkäufe, Mengen, Beträge und Erkennungszeiten nach Charakter ansehen.	Consultez objets vendus, quantités, montants et heures par personnage.	캐릭터별 판매 아이템·수량·금액·감지 시각을 확인합니다.	按角色查看售出物品、数量、金额和检测时间。	依角色查看售出物品、數量、金額和偵測時間。
該当するアイテムの配置を確認。	Locate the selected item.	Ausgewählten Gegenstand lokalisieren.	Localisez l’objet sélectionné.	해당 아이템 위치를 확인합니다.	查看此物品的位置。	查看此物品的位置。
このリストに登録したアイテムの所持数と、NPC売却（合計）を確認。	View quantities and NPC sale totals for this list.	Mengen und NPC-Verkaufswerte dieser Liste ansehen.	Consultez quantités et totaux de vente PNJ de cette liste.	목록 아이템의 수량과 NPC 판매 합계를 확인합니다.	查看列表物品数量和NPC出售合计。	查看清單物品數量和NPC出售合計。
Allagan Tools 接続済み	Allagan Tools connected	Allagan Tools verbunden	Allagan Tools connecté	Allagan Tools 연결됨	已连接Allagan Tools	已連線Allagan Tools
価格更新中	Updating prices	Preise werden aktualisiert	Actualisation des prix	가격 갱신 중	价格更新中	價格更新中
価格更新	Prices updated	Preise aktualisiert	Prix actualisés	가격 갱신	价格更新	價格更新
変更検出	Change detected	Änderung erkannt	Modification détectée	변경 감지	检测到变更	偵測到變更
観測開始	First observed	Erstmals erfasst	Première observation	관측 시작	开始观测	開始觀測
更新日時不明	Update time unknown	Aktualisierungszeit unbekannt	Date de mise à jour inconnue	갱신 시각 불명	更新时间未知	更新時間未知
手動除外	Manually excluded	Manuell ausgeschlossen	Exclu manuellement	수동 제외	手动排除	手動排除
1週間以上更新なし	No changes for a week	Eine Woche unverändert	Aucun changement depuis une semaine	1주 이상 변경 없음	一周以上无更新	一週以上無更新
アクティブキャラクター数	Active characters	Aktive Charaktere	Personnages actifs	활성 캐릭터 수	活跃角色数	啟用角色數
全体所持金額	Total gil	Gesamt-Gil	Total des gils	전체 보유 길	全部持有金币	全部持有金幣
キャラクター全体の所持金額	Character gil total	Charakter-Gil gesamt	Total des gils des personnages	캐릭터 전체 보유 길	角色金币合计	角色金幣合計
リテイナー全体の所持金額	Retainer gil total	Gehilfen-Gil gesamt	Total des gils des servants	집사 전체 보유 길	雇员金币合计	雇員金幣合計
リテイナー全体の出品数	Total retainer listings	Gehilfen-Angebote gesamt	Total des offres des servants	집사 전체 출품 수	雇员出售数量合计	雇員出售數量合計
未設定	Not set	Nicht festgelegt	Non défini	미설정	未设置	未設定
全体の所有数	Total owned	Gesamtbesitz	Total possédé	전체 보유 수량	全部持有数量	全部持有數量
キャラクター・リテイナーの所有数	Character and retainers owned	Besitz von Charakter und Gehilfen	Possession du personnage et des servants	캐릭터·집사 보유 수량	角色及雇员持有数量	角色及雇員持有數量
キャラクターの所有数	Character owned	Charakterbesitz	Possession du personnage	캐릭터 보유 수량	角色持有数量	角色持有數量
リテイナーの所有数	Retainer owned	Gehilfenbesitz	Possession du servant	집사 보유 수량	雇员持有数量	雇員持有數量
保管先の内訳を見る	View locations	Lagerorte anzeigen	Voir les emplacements	보관처 내역 보기	查看存放明细	查看存放明細
保管先・除外設定	Locations / exclusions	Lagerorte / Ausschlüsse	Emplacements / exclusions	보관처·제외 설정	存放处及排除设置	存放處及排除設定
合計金額	Total amount	Gesamtbetrag	Montant total	합계 금액	合计金额	合計金額
ページ	page	Seite	page	페이지	页	頁
全保管先・出品中を含む	Includes all locations and listings	Alle Lagerorte und Angebote	Tous les emplacements et offres inclus	모든 보관처·출품 포함	包含全部位置及出售中	包含全部位置及出售中
の最安値	 lowest price	 niedrigster Preis	 prix minimal	 최저가	最低价	最低價
所持数は Allagan Tools の最終保存時点の記録です。設定した間隔で保存ファイルを確認します（初期値：1分）。	Quantities reflect the last Allagan Tools save. Saved files are checked at the configured interval (default: one minute).	Mengen entsprechen dem letzten Allagan-Tools-Speicherstand. Dateien werden im eingestellten Intervall geprüft (Standard: eine Minute).	Les quantités reflètent la dernière sauvegarde Allagan Tools. Les fichiers sont vérifiés à l’intervalle choisi (une minute par défaut).	수량은 Allagan Tools의 마지막 저장 기준입니다. 설정한 간격으로 파일을 확인합니다 (기본 1분).	数量以Allagan Tools最后保存为准。按设定间隔检查文件，默认1分钟。	數量以Allagan Tools最後儲存為準。依設定間隔檢查檔案，預設1分鐘。
記録開始後の金額を表示します。日別の金額は、その日にこのアプリが最後に記録した額です。未起動の日や記録開始前の金額は復元しません。マイリストは除外設定を反映したNPC売却です。	Daily values use this app’s final observation of each day. No backfill is available for days before recording or while the app was closed. List exclusions apply to valuations.	Tageswerte stammen aus der letzten Erfassung des Tages. Zeiten vor der Erfassung oder bei geschlossener App werden nicht rekonstruiert. Listenausschlüsse gelten für Bewertungen.	Les valeurs quotidiennes sont les dernières observations du jour. Aucun historique antérieur ou pendant la fermeture n’est reconstitué. Les exclusions des listes sont appliquées.	일별 금액은 앱의 마지막 기록입니다. 기록 전이나 앱이 꺼진 기간은 복원하지 않으며 목록 제외 설정을 반영합니다.	每日金额为应用当天的最后记录。记录前或未运行期间的数据不予补全，估值遵循列表排除设置。	每日金額為應用程式當天的最後紀錄。紀錄前或未執行期間的資料不予補全，估值遵循清單排除設定。
ギル・トークン・クリスタル・FCポイントは通常のアイテムとは分けて表示します。所持数は保存時点の記録です。	Gil, tokens, crystals and FC credits are shown separately from ordinary items. Quantities reflect saved data.	Gil, Marken, Kristalle und FG-Punkte werden getrennt von normalen Gegenständen angezeigt. Mengen entsprechen den gespeicherten Daten.	Gils, jetons, cristaux et crédits de CL sont séparés des objets ordinaires. Les quantités proviennent des données sauvegardées.	길·토큰·크리스탈·부대 포인트는 일반 아이템과 구분합니다. 수량은 저장 시점 기준입니다.	金币、代币、水晶及部队点数与普通物品分开显示。数量以存档为准。	金幣、代幣、水晶及部隊點數與普通物品分開顯示。數量以存檔為準。
「除外」は手動で除外したキャラクター、または1週間以上更新のないキャラクターです。顔画像の取得失敗は下の別枠に表示します。更新判定は、このアプリが検出した本人・所属リテイナーの所持データの変更日時です。初回読込や、内容が変わらない保存では日時を更新しません。更新日時不明の場合は、観測開始から1週間は表示します。	Excluded characters are manually excluded or unchanged for a week. Portrait failures appear separately. Activity is based on changes detected in character or retainer inventory, not unchanged saves. Unknown activity stays visible for one week after first observation.	Ausgeschlossen sind manuell markierte oder seit einer Woche unveränderte Charaktere. Porträtfehler erscheinen separat. Aktivität basiert auf erkannten Inventaränderungen, nicht unveränderten Speicherungen. Unbekannte Aktivität bleibt ab Ersterfassung eine Woche sichtbar.	Les exclus sont marqués manuellement ou inchangés depuis une semaine. Les échecs de portrait sont séparés. L’activité dépend des changements d’inventaire détectés, pas des sauvegardes identiques. Une activité inconnue reste visible une semaine après la première observation.	수동 제외 또는 1주 이상 변경이 없는 캐릭터를 제외합니다. 초상화 오류는 별도로 표시합니다. 활동은 캐릭터·집사 소지품의 실제 변경 감지 기준이며 동일한 저장은 갱신하지 않습니다. 시각 불명은 관측 시작 후 1주간 표시합니다.	排除包括手动排除或一周无变动的角色。头像失败单独显示。活跃时间按角色及雇员物品的实际变动计算，不因相同内容保存而更新。时间未知者从首次观测起显示一周。	排除包含手動排除或一週無變動的角色。頭像失敗另行顯示。活動時間依角色及雇員物品的實際變動計算，不因相同內容儲存而更新。時間未知者自首次觀測起顯示一週。
NPC売却はNQの基本価格。売却合計はHQ・収集品もNQ単価で換算した参考額です。マイリスト上部は検索・保管先の絞り込みに関わらず除外設定を反映したリスト全体を集計します。NPC購入はギルショップ掲載品の通常価格で、解放条件・割引は反映しません。「—」は通常のギルショップに掲載なし。	NPC sale estimates use NQ base prices, including HQ and collectables. List totals apply exclusions but ignore temporary search/location filters. NPC buy prices are regular gil-shop prices, without unlocks or discounts. “—” means no regular gil-shop entry.	NPC-Verkaufswerte nutzen NQ-Basispreise, auch für HQ und Sammlerstücke. Listensummen beachten Ausschlüsse, nicht temporäre Suchfilter. NPC-Kaufpreise sind reguläre Gil-Shop-Preise ohne Freischaltungen oder Rabatte. „—“ bedeutet keinen regulären Shop-Eintrag.	Les estimations PNJ utilisent les prix NQ, même pour HQ et collectionnables. Les totaux de liste appliquent les exclusions mais ignorent les filtres temporaires. Les achats PNJ sont aux prix normaux, sans déblocages ni remises. « — » indique aucune offre en boutique de gils.	NPC 판매 추정치는 HQ·소장품도 NQ 기본가를 사용합니다. 목록 합계는 제외 설정을 반영하되 임시 검색 필터는 반영하지 않습니다. NPC 구매가는 해금·할인 미반영 일반 길 상점 가격이며 —는 등록 없음입니다.	NPC出售估值使用NQ基础单价，HQ和收藏品亦然。列表合计遵循排除设置但忽略临时搜索筛选。NPC购买为普通金币商店原价，不计解锁或折扣；—表示未列入普通商店。	NPC出售估值使用NQ基礎單價，HQ和收藏品亦然。清單合計遵循排除設定但忽略臨時搜尋篩選。NPC購買為普通金幣商店原價，不計解鎖或折扣；—表示未列入普通商店。
履歴元: AllaganMarket ／ 名前・所有者: Allagan Tools と AllaganMarket。日時は販売を検出したPCローカル時刻、金額は手数料控除前です。ゲーム側の正確な販売時刻・手取り額を示すものではありません。	Source: AllaganMarket; names and owners: Allagan Tools / AllaganMarket. Times are local PC detection times and amounts are before fees, not exact game transaction times or net proceeds.	Quelle: AllaganMarket; Namen und Besitzer: Allagan Tools / AllaganMarket. Zeiten sind lokale Erkennungszeiten, Beträge vor Gebühren; keine exakten Spieltransaktionszeiten oder Nettoerlöse.	Source : AllaganMarket ; noms et détenteurs : Allagan Tools / AllaganMarket. Heures locales de détection et montants avant frais, pas les heures exactes en jeu ni les recettes nettes.	출처는 AllaganMarket, 이름·보유자는 Allagan Tools/AllaganMarket입니다. PC의 판매 감지 시각과 수수료 전 금액이며 게임의 정확한 거래 시각·실수령액이 아닙니다.	记录来自AllaganMarket，名称和归属来自Allagan Tools及AllaganMarket。时间为本机检测时刻，金额为手续费前，并非游戏准确成交时刻或净收入。	紀錄來自AllaganMarket，名稱和歸屬來自Allagan Tools及AllaganMarket。時間為本機偵測時刻，金額為手續費前，並非遊戲準確成交時刻或淨收入。
AllaganMarketが保存した販売判定記録をそのまま読み込みます。未記録の取引は復元できません。設定した間隔で保存ファイルを確認します（初期値：1分）。キャラクターとの関連付けがない履歴は「所有キャラクター不明」と表示します。	Reads AllaganMarket’s saved sale detections without reconstructing missing trades. Files are checked at the configured interval (default one minute). Unlinked records show an unknown character owner.	Liest gespeicherte Verkaufserkennungen von AllaganMarket ohne fehlende Transaktionen zu rekonstruieren. Prüfung im eingestellten Intervall (Standard eine Minute). Nicht zugeordnete Einträge zeigen einen unbekannten Charakterbesitzer.	Lit les ventes détectées par AllaganMarket sans reconstituer les transactions manquantes. Vérification à l’intervalle choisi (une minute par défaut). Les entrées non liées indiquent un personnage inconnu.	AllaganMarket의 저장된 판매 감지 기록을 읽으며 미기록 거래는 복원하지 않습니다. 설정 간격 (기본 1분)으로 확인합니다. 연결되지 않은 기록은 소유 캐릭터 불명으로 표시합니다.	读取AllaganMarket保存的销售判定，不补全未记录交易。按设定间隔检查，默认1分钟。未关联角色的记录显示所属角色未知。	讀取AllaganMarket儲存的銷售判定，不補全未記錄交易。依設定間隔檢查，預設1分鐘。未關聯角色的紀錄顯示所屬角色未知。
ポイント	Points	Punkte	Points	포인트	点数	點數
通貨	Currency	Währung	Monnaie	화폐	货币	貨幣
クリスタル	Crystals	Kristalle	Cristaux	크리스탈	水晶	水晶
保管場所の記録なし	No recorded location	Kein Lagerort aufgezeichnet	Aucun emplacement enregistré	보관 장소 기록 없음	无存放位置记录	無存放位置記錄
チェスト	Chest	Truhe	Coffre	금고	储物箱	儲物箱
アーマリーチェスト	Armoury Chest	Arsenal	Arsenal	장비함	兵装库	兵裝庫
リテイナー装備	Retainer equipment	Gehilfenausrüstung	Équipement du servant	집사 장비	雇员装备	雇員裝備
マーケット出品中	Listed on market	Auf dem Markt angeboten	En vente sur le marché	시장 판매 등록 중	市场出售中	市場出售中
室内調度品	Indoor furnishings	Inneneinrichtung	Mobilier intérieur	실내 가구	室内家具	室內家具
室内倉庫	Indoor storeroom	Innenlager	Entrepôt intérieur	실내 창고	室内仓库	室內倉庫
内装	Interior fixtures	Innenausstattung	Éléments intérieurs	내장재	内装	內裝
庭具	Outdoor furnishings	Garteneinrichtung	Mobilier extérieur	조경물	庭具	庭具
庭具倉庫	Outdoor storeroom	Gartenlager	Entrepôt extérieur	정원 창고	庭具仓库	庭具倉庫
外装	Exterior fixtures	Außenausstattung	Éléments extérieurs	외장재	外装	外裝
数値が不正です。	Invalid number.	Ungültige Zahl.	Nombre non valide.	숫자가 올바르지 않습니다.	数值无效。	數值無效。
数値が範囲外です。	Number is out of range.	Zahl außerhalb des zulässigen Bereichs.	Nombre hors limites.	숫자가 범위를 벗어났습니다.	数值超出范围。	數值超出範圍。
保管スロットが重複しています。	Duplicate storage slot.	Doppelter Lagerplatz.	Emplacement de stockage en double.	보관 슬롯이 중복되었습니다.	存放槽位重复。	存放欄位重複。
保管スロットが範囲外です。	Storage slot is out of range.	Lagerplatz außerhalb des zulässigen Bereichs.	Emplacement de stockage hors limites.	보관 슬롯이 범위를 벗어났습니다.	存放槽位超出范围。	存放欄位超出範圍。
公式サイトに接続できませんでした。時間をおいて再度お試しください。	Could not connect to the official website. Try again later.	Die offizielle Website ist nicht erreichbar. Versuchen Sie es später erneut.	Impossible de joindre le site officiel. Réessayez plus tard.	공식 사이트에 연결할 수 없습니다. 잠시 후 다시 시도하세요.	无法连接官方网站。请稍后重试。	無法連線至官方網站。請稍後重試。
このアイテムの公式個別ページを特定できませんでした。	Could not identify this item's official page.	Die offizielle Seite dieses Gegenstands wurde nicht gefunden.	La page officielle de cet objet est introuvable.	이 아이템의 공식 개별 페이지를 찾을 수 없습니다.	无法确定此物品的官方页面。	無法確定此物品的官方頁面。
ロドストに接続できませんでした。	Could not connect to the Lodestone.	Der Lodestone ist nicht erreichbar.	Impossible de joindre The Lodestone.	로드스톤에 연결할 수 없습니다.	无法连接 Lodestone。	無法連線至 Lodestone。
一致するキャラクターの個別ページを確認できませんでした。	No matching character profile was found.	Kein passendes Charakterprofil gefunden.	Aucun profil de personnage correspondant trouvé.	일치하는 캐릭터 프로필을 찾을 수 없습니다.	未找到匹配的角色个人页面。	找不到符合的角色個人頁面。
日時形式が不正です。	Invalid date and time format.	Ungültiges Datums- und Zeitformat.	Format de date et d’heure non valide.	날짜와 시간 형식이 올바르지 않습니다.	日期时间格式无效。	日期時間格式無效。
所有キャラクター不明	Unknown owning character	Besitzender Charakter unbekannt	Personnage propriétaire inconnu	소유 캐릭터 알 수 없음	所属角色未知	所屬角色未知
所有者不明	Unknown owner	Besitzer unbekannt	Propriétaire inconnu	소유자 알 수 없음	所有者未知	所有者未知
期間の日付が不正です。	Invalid date range.	Ungültiger Datumsbereich.	Période non valide.	기간의 날짜가 올바르지 않습니다.	日期范围无效。	日期範圍無效。
開始日は終了日以前にしてください。	Start date must not be after the end date.	Das Startdatum darf nicht nach dem Enddatum liegen.	La date de début ne doit pas dépasser la date de fin.	시작일은 종료일보다 늦을 수 없습니다.	开始日期不能晚于结束日期。	開始日期不能晚於結束日期。
全アイテム	All items	Alle Gegenstände	Tous les objets	모든 아이템	全部物品	全部物品
保存形式が不正です	Invalid saved data format	Ungültiges Speicherformat	Format des données sauvegardées non valide	저장 형식이 올바르지 않습니다	保存格式无效	儲存格式無效
売上設定が大きすぎます。	Sales configuration is too large.	Die Verkaufskonfiguration ist zu groß.	La configuration des ventes est trop volumineuse.	판매 설정이 너무 큽니다.	销售配置过大。	銷售設定過大。
保存データが空です。最後に読み込めた内容を表示します。	Saved data is empty. Showing the last successful read.	Die gespeicherten Daten sind leer. Der letzte erfolgreiche Stand wird angezeigt.	Les données sauvegardées sont vides. Affichage du dernier chargement réussi.	저장 데이터가 비어 있습니다. 마지막으로 읽은 내용을 표시합니다.	保存数据为空。显示上次成功读取的内容。	儲存資料為空。顯示上次成功讀取的內容。
保存ファイルが見つかりません。接続設定を確認してください。	Save file not found. Check connection settings.	Speicherdatei nicht gefunden. Prüfen Sie die Verbindungseinstellungen.	Fichier de sauvegarde introuvable. Vérifiez les paramètres de connexion.	저장 파일이 없습니다. 연결 설정을 확인하세요.	未找到保存文件。请检查连接设置。	找不到儲存檔案。請檢查連線設定。
リクエストが大きすぎます	Request is too large	Anfrage ist zu groß	Requête trop volumineuse	요청이 너무 큽니다	请求过大	要求過大
リストが見つかりません。	List not found.	Liste nicht gefunden.	Liste introuvable.	목록을 찾을 수 없습니다.	未找到列表。	找不到清單。
更新間隔が不正です。	Invalid refresh interval.	Ungültiges Aktualisierungsintervall.	Intervalle d’actualisation non valide.	새로고침 간격이 올바르지 않습니다.	刷新间隔无效。	重新整理間隔無效。
参照価格が不正です。	Invalid price reference.	Ungültige Preisreferenz.	Référence de prix non valide.	참조 가격이 올바르지 않습니다.	参考价格无效。	參考價格無效。
除外設定が不正です。	Invalid exclusion settings.	Ungültige Ausschlusseinstellungen.	Paramètres d’exclusion non valides.	제외 설정이 올바르지 않습니다.	排除设置无效。	排除設定無效。
換金アイテムの指定が不正です。	Invalid cash item selection.	Ungültige Auswahl verkäuflicher Wertgegenstände.	Sélection d’objets à convertir non valide.	환금 아이템 지정이 올바르지 않습니다.	变现物品选择无效。	變現物品選擇無效。
アイテムが見つかりません。	Item not found.	Gegenstand nicht gefunden.	Objet introuvable.	아이템을 찾을 수 없습니다.	未找到物品。	找不到物品。
リスト内にアイテムがありません。	This list has no items.	Diese Liste enthält keine Gegenstände.	Cette liste ne contient aucun objet.	목록에 아이템이 없습니다.	列表中没有物品。	清單中沒有物品。
保管先の指定が不正です。	Invalid storage location.	Ungültiger Lagerort.	Emplacement de stockage non valide.	보관 장소 지정이 올바르지 않습니다.	存放位置无效。	存放位置無效。
このアイテムの保管先が見つかりません。	No storage location found for this item.	Kein Lagerort für diesen Gegenstand gefunden.	Aucun emplacement trouvé pour cet objet.	이 아이템의 보관 장소가 없습니다.	未找到此物品的存放位置。	找不到此物品的存放位置。
ファイルが大きすぎます。	File is too large.	Datei ist zu groß.	Fichier trop volumineux.	파일이 너무 큽니다.	文件过大。	檔案過大。
保管者が見つかりません。	Holder not found.	Besitzer nicht gefunden.	Détenteur introuvable.	보관자를 찾을 수 없습니다.	未找到持有者。	找不到持有者。
未対応の操作です。	Unsupported operation.	Nicht unterstützte Aktion.	Opération non prise en charge.	지원하지 않는 작업입니다.	不支持此操作。	不支援此操作。
接続先が不正です。	Invalid connection destination.	Ungültiges Verbindungsziel.	Destination de connexion non valide.	연결 대상이 올바르지 않습니다.	连接目标无效。	連線目標無效。
他のサイトからは操作できません。	Actions from other websites are not allowed.	Aktionen von anderen Websites sind nicht erlaubt.	Les actions depuis d’autres sites ne sont pas autorisées.	다른 사이트에서는 조작할 수 없습니다.	不允许从其他网站执行操作。	不允許從其他網站執行操作。
同じサイトから開いてください。	Open this from the same website.	Öffnen Sie dies von derselben Website aus.	Ouvrez ceci depuis le même site.	같은 사이트에서 열어 주세요.	请从同一网站打开。	請從同一網站開啟。
ページを再読み込みしてください。	Reload the page.	Laden Sie die Seite neu.	Rechargez la page.	페이지를 새로고침하세요.	请刷新页面。	請重新整理頁面。
アイテム辞書を更新しています	Updating item catalog	Gegenstandskatalog wird aktualisiert	Mise à jour du catalogue d’objets	아이템 사전 업데이트 중	正在更新物品目录	正在更新物品目錄
更新失敗	Update failed	Aktualisierung fehlgeschlagen	Échec de la mise à jour	업데이트 실패	更新失败	更新失敗
更新完了	Update complete	Aktualisierung abgeschlossen	Mise à jour terminée	업데이트 완료	更新完成	更新完成
完了	Done	Fertig	Terminé	완료	完成	完成
未読込	Not loaded	Nicht geladen	Non chargé	읽지 않음	未加载	未載入
削除	Delete	Löschen	Supprimer	삭제	删除	刪除
解除	Remove	Entfernen	Retirer	해제	解除	解除
追加済み	Already added	Bereits hinzugefügt	Déjà ajouté	추가됨	已添加	已新增
除外中	Excluded	Ausgeschlossen	Exclu	제외됨	已排除	已排除
接続済み	Connected	Verbunden	Connecté	연결됨	已连接	已連線
すべてのキャラクター	All characters	Alle Charaktere	Tous les personnages	모든 캐릭터	全部角色	全部角色
価格不明	Unknown price	Preis unbekannt	Prix inconnu	가격 알 수 없음	价格未知	價格未知
アイテム名をコピーしました	Item name copied	Gegenstandsname kopiert	Nom de l’objet copié	아이템 이름 복사 완료	已复制物品名称	已複製物品名稱
コピーできませんでした。アイテム名を選択してコピーしてください。	Copy failed. Select the item name and copy it manually.	Kopieren fehlgeschlagen. Markieren und kopieren Sie den Gegenstandsnamen manuell.	Échec de la copie. Sélectionnez le nom de l’objet et copiez-le manuellement.	복사하지 못했습니다. 아이템 이름을 선택하여 직접 복사하세요.	复制失败。请选择物品名称并手动复制。	複製失敗。請選取物品名稱並手動複製。
リスト名を変更	Rename list	Liste umbenennen	Renommer la liste	목록 이름 변경	重命名列表	重新命名清單
アイテム名をコピー	Copy item name	Gegenstandsnamen kopieren	Copier le nom de l’objet	아이템 이름 복사	复制物品名称	複製物品名稱
アイテム数推移を見る	View quantity history	Mengenverlauf anzeigen	Voir l’historique des quantités	아이템 수 추이 보기	查看数量变化	查看數量變化
アイテム価格推移を見る	View item value history	Wertverlauf anzeigen	Voir l’historique de valeur	아이템 가격 추이 보기	查看物品价值变化	查看物品價值變化
公式データベースの個別ページを開く	Open official item page	Offizielle Gegenstandsseite öffnen	Ouvrir la page officielle de l’objet	공식 아이템 페이지 열기	打开官方物品页面	開啟官方物品頁面
同じアイテムの全スタックを強調	Highlight all stacks of this item	Alle Stapel dieses Gegenstands hervorheben	Surligner toutes les piles de cet objet	같은 아이템의 모든 묶음 강조	突出显示此物品的所有堆叠	醒目顯示此物品的所有堆疊
集計に戻す	Include in totals	In Summen aufnehmen	Inclure dans les totaux	합계에 포함	计入合计	計入合計
このリストから除外	Exclude from this list	Aus dieser Liste ausschließen	Exclure de cette liste	이 목록에서 제외	从此列表排除	從此清單排除
除外を解除	Remove exclusion	Ausschluss aufheben	Annuler l’exclusion	제외 해제	取消排除	取消排除
この保管先を除外	Exclude this location	Diesen Lagerort ausschließen	Exclure cet emplacement	이 보관 장소 제외	排除此存放位置	排除此存放位置
所持記録がありません。	No ownership records.	Keine Besitzaufzeichnungen.	Aucun enregistrement de possession.	소지 기록이 없습니다.	没有持有记录。	沒有持有記錄。
保存しました	Saved	Gespeichert	Enregistré	저장 완료	已保存	已儲存
リストを削除しました	List deleted	Liste gelöscht	Liste supprimée	목록 삭제 완료	已删除列表	已刪除清單
保存データを再読み込みしました	Saved data reloaded	Gespeicherte Daten neu geladen	Données sauvegardées rechargées	저장 데이터 다시 읽기 완료	已重新加载保存数据	已重新載入儲存資料
接続先を保存しました	Connection saved	Verbindung gespeichert	Connexion enregistrée	연결 대상 저장 완료	已保存连接目标	已儲存連線目標
表示名を保存しました	Display name saved	Anzeigename gespeichert	Nom affiché enregistré	표시 이름 저장 완료	已保存显示名称	已儲存顯示名稱
辞書の更新を開始しました	Catalog update started	Katalogaktualisierung gestartet	Mise à jour du catalogue lancée	사전 업데이트 시작	已开始更新目录	已開始更新目錄
サーバーに接続できません	Cannot connect to the server	Keine Verbindung zum Server	Connexion au serveur impossible	서버에 연결할 수 없습니다	无法连接服务器	無法連線至伺服器
マイリストに追加しました	Added to my list	Zur eigenen Liste hinzugefügt	Ajouté à ma liste	내 목록에 추가 완료	已添加到自选列表	已新增至自選清單
アイテムの記録が見つかりません。	No record found for this item.	Kein Eintrag für diesen Gegenstand gefunden.	Aucun enregistrement trouvé pour cet objet.	아이템 기록을 찾을 수 없습니다.	未找到此物品的记录。	找不到此物品的記錄。
このアイテムのマーケット価格を更新中…	Updating this item's market prices…	Marktpreise dieses Gegenstands werden aktualisiert…	Mise à jour des prix de marché de cet objet…	이 아이템의 시장 가격 업데이트 중…	正在更新此物品的市场价格…	正在更新此物品的市場價格…
換金アイテムに登録しました	Marked as a cash item	Als Wertgegenstand markiert	Marqué comme objet à convertir	환금 아이템으로 등록됨	已标记为变现物品	已標記為變現物品
換金アイテムを解除しました	Cash item mark removed	Wertgegenstandsmarkierung entfernt	Marquage d’objet à convertir retiré	환금 아이템 등록 해제됨	已取消变现物品标记	已取消變現物品標記
価格を更新中…	Updating prices…	Preise werden aktualisiert…	Mise à jour des prix…	가격 업데이트 중…	正在更新价格…	正在更新價格…
ロドスト情報の再取得を開始しました	Lodestone refresh started	Lodestone-Aktualisierung gestartet	Actualisation du Lodestone lancée	로드스톤 정보 새로고침 시작	已开始刷新 Lodestone 信息	已開始重新整理 Lodestone 資訊
マイリストの参照価格を保存しました	List price reference saved	Preisreferenz der Liste gespeichert	Référence de prix de la liste enregistrée	내 목록 참조 가격 저장 완료	已保存列表参考价格	已儲存清單參考價格
定期更新の間隔を保存しました	Refresh interval saved	Aktualisierungsintervall gespeichert	Intervalle d’actualisation enregistré	자동 새로고침 간격 저장 완료	已保存定期刷新间隔	已儲存定期重新整理間隔
共通の更新操作	Shared refresh actions	Gemeinsame Aktualisierung	Actualisation commune	공통 새로고침 작업	通用刷新操作	共用重新整理操作
このメニューの操作	Menu actions	Menüaktionen	Actions du menu	메뉴 작업	菜单操作	選單操作
表示中の集計	Displayed totals	Angezeigte Summen	Totaux affichés	표시 중인 합계	当前合计	目前合計
換金アイテムのNPC売却（合計）	Cash items: NPC sale total	Wertgegenstände: NPC-Verkaufssumme	Objets à convertir : total de vente PNJ	환금 아이템 NPC 판매 합계	变现物品NPC出售合计	變現物品NPC出售合計
マーケット換算合計（日本最安）	Market value (Japan minimum)	Marktwert (Japan-Minimum)	Valeur marchande (minimum au Japon)	시장 환산 합계 (일본 최저가)	市场折算合计（日本最低价）	市場換算合計（日本最低價）
一覧のまとめ方	Grouping	Gruppierung	Regroupement	목록 묶기	列表分组	清單分組
追加先のマイリスト	Destination list	Zielliste	Liste de destination	추가할 목록	目标列表	目標清單
最安単価 × 所持数	Lowest unit price × quantity	Niedrigster Stückpreis × Menge	Prix unitaire minimal × quantité	최저 단가 × 보유 수량	最低单价 × 持有数量	最低單價 × 持有數量
前のページ	Previous page	Vorherige Seite	Page précédente	이전 페이지	上一页	上一頁
次のページ	Next page	Nächste Seite	Page suivante	다음 페이지	下一页	下一頁
収支履歴の対象	Gil history scope	Gil-Verlaufsbereich	Périmètre des gils	길 기록 대상	收支记录范围	收支紀錄範圍
通貨・トークン・保管者を検索	Search currency, token or holder	Währung, Marke oder Besitzer suchen	Rechercher monnaie, jeton ou détenteur	화폐·토큰·보관자 검색	搜索货币、代币或持有者	搜尋貨幣、代幣或持有者
通貨を検索	Search currency	Währung suchen	Rechercher une monnaie	화폐 검색	搜索货币	搜尋貨幣
通貨の保管者	Currency holder	Währungsbesitzer	Détenteur de monnaie	화폐 보관자	货币持有者	貨幣持有者
一覧へ	Back to list	Zur Liste	Retour à la liste	목록으로	返回列表	返回清單
一覧の表示形式	List layout	Listenlayout	Disposition de liste	목록 표시 형식	列表布局	清單版面
キャラクター・FC一覧を検索	Search characters or Free Companies	Charaktere oder Freie Gesellschaften suchen	Rechercher personnages ou compagnies libres	캐릭터·자유부대 검색	搜索角色或部队	搜尋角色或部隊
キャラクターのソート方向	Character sort direction	Sortierrichtung der Charaktere	Sens du tri des personnages	캐릭터 정렬 방향	角色排序方向	角色排序方向
キャラクターのソート	Character sort	Charaktersortierung	Tri des personnages	캐릭터 정렬	角色排序	角色排序
キャラクターの状態	Character status	Charakterstatus	État du personnage	캐릭터 상태	角色状态	角色狀態
リテイナー一覧の表示形式	Retainer list layout	Gehilfenlistenlayout	Disposition des servants	집사 목록 표시 형식	雇员列表布局	雇員清單版面
所持品の区分	Inventory category	Inventarkategorie	Catégorie d’inventaire	소지품 구분	物品分类	物品分類
販売履歴を検索	Search sales history	Verkäufe durchsuchen	Rechercher les ventes	판매 기록 검색	搜索销售记录	搜尋銷售紀錄
アイテム・キャラクター・リテイナー名	Item, character or retainer name	Gegenstand, Charakter oder Gehilfe	Nom d’objet, personnage ou servant	아이템·캐릭터·집사 이름	物品、角色或雇员名称	物品、角色或雇員名稱
売上のキャラクター	Sales character	Verkaufscharakter	Personnage vendeur	판매 캐릭터	销售角色	銷售角色
売上のリテイナー	Sales retainer	Verkaufsgehilfe	Servant vendeur	판매 집사	销售雇员	銷售雇員
マイリストに追加	Add to my list	Zur Liste hinzufügen	Ajouter à ma liste	내 목록에 추가	添加到列表	新增至清單
分（標準）	 min (default)	 Min. (Standard)	 min (par défaut)	분 (기본)	分钟（默认）	分鐘（預設）
マイリストを削除	Delete list	Liste löschen	Supprimer la liste	목록 삭제	删除列表	刪除清單
記録なし	No record	Keine Aufzeichnung	Aucun enregistrement	기록 없음	无记录	無紀錄
全体	Overall	Gesamt	Ensemble	전체	整体	整體
記録時点	Recorded at	Erfasst am	Enregistré le	기록 시점	记录时点	紀錄時點
最終記録ポイント	Last recorded credits	Zuletzt erfasste Punkte	Derniers crédits enregistrés	마지막 기록 포인트	最后记录点数	最後紀錄點數
最終記録個数	Last recorded quantity	Zuletzt erfasste Menge	Dernière quantité enregistrée	마지막 기록 수량	最后记录数量	最後紀錄數量
アイテム価格	Item value	Gegenstandswert	Valeur des objets	아이템 가격	物品价值	物品價值
最終額	Final amount	Endbetrag	Montant final	최종 금액	最终金额	最終金額
本人所持金	Character gil	Charakter-Gil	Gils du personnage	캐릭터 보유 길	角色持有金币	角色持有金幣
当日の変動した保管先	Locations changed that day	An diesem Tag geänderte Lagerorte	Emplacements modifiés ce jour	당일 변동 보관처	当日变动位置	當日變動位置
個数変動なし	No quantity change	Keine Mengenänderung	Aucune variation de quantité	수량 변동 없음	数量无变化	數量無變化
増加	Increase	Zunahme	Augmentation	증가	增加	增加
減少	Decrease	Abnahme	Diminution	감소	减少	減少
所有キャラクター	Owner character	Besitzender Charakter	Personnage propriétaire	소유 캐릭터	所属角色	所屬角色
変動なし／内訳の記録なし	No change / no breakdown recorded	Keine Änderung / keine Aufschlüsselung	Aucun changement / aucun détail enregistré	변동 없음 / 내역 기록 없음	无变化／无明细记录	無變化／無明細紀錄
この期間の記録はありません。	No records for this period.	Keine Aufzeichnungen in diesem Zeitraum.	Aucun enregistrement pour cette période.	이 기간의 기록이 없습니다.	此期间无记录。	此期間無紀錄。
記録日時	Recorded time	Erfassungszeit	Date d’enregistrement	기록 시각	记录时间	紀錄時間
内訳の記録なし	No breakdown recorded	Keine Aufschlüsselung erfasst	Aucun détail enregistré	내역 기록 없음	无明细记录	無明細紀錄
この期間の変更記録はありません。	No changes recorded in this period.	Keine Änderungen in diesem Zeitraum erfasst.	Aucun changement enregistré pour cette période.	이 기간의 변경 기록이 없습니다.	此期间无变动记录。	此期間無變動紀錄。
日別の最終記録ポイント	Daily final credits	Letzte Punkte pro Tag	Derniers crédits par jour	일별 최종 포인트	每日最终点数	每日最終點數
日別の最終記録	Daily final records	Letzte Tagesaufzeichnungen	Derniers enregistrements quotidiens	일별 최종 기록	每日最终记录	每日最終紀錄
個数・参考額の変動履歴	Quantity and estimated value changes	Mengen- und Schätzwertänderungen	Variations de quantité et valeur estimée	수량·참고 금액 변동 기록	数量及参考金额变动	數量及參考金額變動
ポイントの変動履歴	Credit changes	Punkteänderungen	Variations des crédits	포인트 변동 기록	点数变动记录	點數變動紀錄
最終記録	Final record	Letzte Aufzeichnung	Dernier enregistrement	최종 기록	最终记录	最終紀錄
最終ポイント	Final credits	Letzte Punkte	Derniers crédits	최종 포인트	最终点数	最終點數
一部未記録	Partially unrecorded	Teilweise nicht erfasst	Partiellement non enregistré	일부 미기록	部分未记录	部分未紀錄
金額の推移	Value over time	Wertverlauf	Évolution de la valeur	금액 추이	金额走势	金額走勢
この期間にはグラフに表示できる金額の記録がありません。	No values available to chart for this period.	Keine darstellbaren Werte für diesen Zeitraum.	Aucune valeur à tracer pour cette période.	이 기간에 그래프로 표시할 금액 기록이 없습니다.	此期间没有可绘图的金额记录。	此期間沒有可繪圖的金額紀錄。
当日の変更記録	Changes that day	Änderungen an diesem Tag	Changements du jour	당일 변경 기록	当日变动记录	當日變動紀錄
点にカーソルを合わせるかフォーカスすると金額を確認できます。	Hover or focus a point to view its value.	Zeigen Sie auf einen Punkt oder fokussieren Sie ihn, um den Wert zu sehen.	Survolez ou sélectionnez un point pour voir sa valeur.	점에 커서를 올리거나 포커스하면 금액을 확인할 수 있습니다.	悬停或聚焦数据点以查看金额。	懸停或聚焦資料點以查看金額。
未記録の日は線でつなぎません。全体は確認できる金額の合計です。不明な対象は含まれず、対象の増減でも合計が変わります。	Days without records are not connected. Totals include known values only and can change when the set of recorded holders changes.	Tage ohne Aufzeichnung werden nicht verbunden. Summen enthalten nur bekannte Werte und ändern sich auch bei Änderungen der erfassten Besitzer.	Les jours sans données ne sont pas reliés. Les totaux incluent seulement les valeurs connues et varient aussi selon les détenteurs enregistrés.	기록 없는 날은 선으로 연결하지 않습니다. 합계는 확인된 금액만 포함하며 기록 대상 수의 변화에도 달라집니다.	无记录日期不连线。合计仅含已知金额，记录对象增减也会改变合计。	無紀錄日期不連線。合計僅含已知金額，紀錄對象增減也會改變合計。
マイリスト合計は同じアイテムが複数リストにある場合、重複して加算されます。	List totals count an item again for each list containing it.	Listensummen zählen einen Gegenstand für jede Liste erneut.	Les totaux comptent un objet à nouveau dans chaque liste qui le contient.	같은 아이템이 여러 목록에 있으면 목록 합계에 중복 가산됩니다.	同一物品在多个列表中时会重复计入列表合计。	同一物品在多個清單中時會重複計入清單合計。
選択した対象（履歴なし）	Selected scope (no history)	Gewählter Bereich (kein Verlauf)	Périmètre choisi (sans historique)	선택 대상 (기록 없음)	所选对象（无历史）	所選對象（無歷史）
販売履歴を読み込めません。	Cannot load sales history.	Verkaufsverlauf kann nicht geladen werden.	Impossible de charger les ventes.	판매 기록을 읽을 수 없습니다.	无法加载销售记录。	無法載入銷售紀錄。
概算	Estimate	Schätzung	Estimation	추정	估算	估算
差引	Net	Netto	Net	차감 후	扣除后	扣除後
表示できる記録がありません。	No records to display.	Keine anzeigbaren Aufzeichnungen.	Aucun enregistrement à afficher.	표시할 기록이 없습니다.	无可显示记录。	無可顯示紀錄。
マーケット出品	Market listings	Marktangebote	Offres du marché	시장 출품	市场出售	市場出售
件の記録	 records	 Aufzeichnungen	 enregistrements	건의 기록	条记录	筆紀錄
ファイル保存	File saved	Datei gespeichert	Fichier enregistré	파일 저장	文件保存	檔案儲存
保存されている記録の期間	Recorded date range	Zeitraum der Aufzeichnungen	Période enregistrée	저장된 기록 기간	已保存记录期间	已儲存紀錄期間
売却記録がまだありません。	No sale records yet.	Noch keine Verkaufsaufzeichnungen.	Aucune vente enregistrée pour le moment.	아직 판매 기록이 없습니다.	尚无出售记录。	尚無出售紀錄。
販売履歴の応答が遅れています。	Sales history response is delayed.	Verkaufsverlauf antwortet verzögert.	La réponse de l’historique des ventes est lente.	판매 기록 응답이 지연되고 있습니다.	销售记录响应延迟。	銷售紀錄回應延遲。
前回の表示を保持し、自動で再試行します。	Keeping the previous view and retrying automatically.	Die bisherige Anzeige bleibt erhalten; erneuter Versuch automatisch.	L’affichage précédent est conservé ; nouvel essai automatique.	이전 표시를 유지하고 자동 재시도합니다.	保留上次显示并自动重试。	保留上次顯示並自動重試。
販売額の推移	Sales value over time	Verkaufswertverlauf	Évolution des ventes	판매 금액 추이	销售金额走势	銷售金額走勢
この条件の販売記録はありません。	No sales match these filters.	Keine Verkäufe für diese Filter.	Aucune vente ne correspond aux filtres.	이 조건의 판매 기록이 없습니다.	没有符合条件的销售记录。	沒有符合條件的銷售紀錄。
時台	:00 hour	-Uhr-Stunde	 h	시대	时段	時段
時間帯別	By hour	Nach Stunde	Par heure	시간대별	按时段	依時段
日別	By day	Nach Tag	Par jour	일별	按日	依日
記録された販売分を集計しています。	Totals include recorded sales.	Summen enthalten erfasste Verkäufe.	Les totaux incluent les ventes enregistrées.	기록된 판매분을 집계합니다.	合计已记录销售。	合計已紀錄銷售。
週間以上更新なし	+ weeks without changes	+ Wochen ohne Änderungen	+ semaines sans changement	주 이상 변경 없음	周以上无更新	週以上無更新
読込に失敗しました	Loading failed	Laden fehlgeschlagen	Échec du chargement	읽기 실패	加载失败	載入失敗
ロドストの顔アイコン（取得できない場合は代替表示）	Lodestone portrait (fallback if unavailable)	Lodestone-Porträt (Ersatz bei Fehler)	Portrait Lodestone (remplacement si indisponible)	로드스톤 초상화 (실패 시 대체 표시)	Lodestone头像（失败时显示替代图）	Lodestone頭像（失敗時顯示替代圖）
紋章	Crest	Wappen	Blason	문장	纹章	紋章
価格判明分	Known prices	Bekannte Preise	Prix connus	가격 확인분	已知价格部分	已知價格部分
リテイナー出品	Retainer listings	Gehilfen-Angebote	Offres des servants	집사 출품	雇员出售	雇員出售
ワールド不明	Unknown world	Welt unbekannt	Monde inconnu	서버 불명	服务器未知	伺服器未知
不明	Unknown	Unbekannt	Inconnu	불명	未知	未知
取引不可	Untradable	Nicht handelbar	Invendable	거래 불가	不可交易	不可交易
アーマリーチェスト：換算対象外	Armoury Chest: excluded from valuation	Arsenal: nicht bewertet	Arsenal : exclu de l’évaluation	장비함: 환산 제외	兵装库：不计入估值	兵裝庫：不計入估值
換金アイテム：換算対象外	Cash item: excluded from market valuation	Wertgegenstand: nicht im Marktwert	Objet à convertir : exclu de la valeur marchande	환금 아이템: 시장 환산 제외	变现物品：不计入市场估值	變現物品：不計入市場估值
該当する記録がありません。	No matching records.	Keine passenden Aufzeichnungen.	Aucun enregistrement correspondant.	해당 기록이 없습니다.	无匹配记录。	無符合紀錄。
情報	Info	Info	Infos	정보	信息	資訊
更新状況	Update status	Aktualisierungsstatus	État de mise à jour	갱신 상태	更新状态	更新狀態
順序	Order	Reihenfolge	Ordre	순서	顺序	順序
フリーカンパニー一覧へ	Back to Free Companies	Zur Gesellschaftsliste	Retour aux compagnies libres	자유부대 목록으로	返回部队列表	返回部隊清單
アイテムの全保管先	All item locations	Alle Gegenstandslagerorte	Tous les emplacements de l’objet	아이템의 모든 보관처	物品全部存放处	物品全部存放處
初回失敗	First failure	Erster Fehler	Premier échec	첫 실패	首次失败	首次失敗
自動取得停止	Automatic retrieval stopped	Automatischer Abruf gestoppt	Récupération automatique arrêtée	자동 가져오기 중단	自动获取已停止	自動取得已停止
時間経過	 hours elapsed	 Stunden vergangen	 heures écoulées	시간 경과	小时已过	小時已過
次回取得	Next attempt	Nächster Versuch	Prochain essai	다음 시도	下次获取	下次取得
リテイナー出品数	Retainer listing count	Anzahl Gehilfen-Angebote	Nombre d’offres des servants	집사 출품 수	雇员出售数量	雇員出售數量
チェスト所持金	Chest gil	Truhen-Gil	Gils du coffre	금고 보유 길	储物箱金币	儲物箱金幣
販売履歴を見る	View sales history	Verkäufe anzeigen	Voir l’historique des ventes	판매 기록 보기	查看销售记录	查看銷售紀錄
所持ギル履歴を見る	View gil balance history	Gil-Verlauf anzeigen	Voir l’historique du solde	보유 길 기록 보기	查看金币余额历史	查看金幣餘額歷史
収支履歴を見る	View gil history	Gil-Verlauf anzeigen	Voir l’historique des gils	길 변동 기록 보기	查看收支记录	查看收支紀錄
1週間以上更新がないため、自動除外の対象です。	Automatically excluded after a week without changes.	Nach einer Woche ohne Änderungen automatisch ausgeschlossen.	Exclu automatiquement après une semaine sans changement.	1주 이상 변경이 없어 자동 제외됩니다.	一周以上无变动，已自动排除。	一週以上無變動，已自動排除。
リテイナーの所持品	Retainer inventory	Gehilfeninventar	Inventaire du servant	집사 소지품	雇员物品	雇員物品
キャラクターの所持品	Character inventory	Charakterinventar	Inventaire du personnage	캐릭터 소지품	角色物品	角色物品
一致	Match	Treffer	Correspondance	일치	匹配	符合
各保管枠内でソート（ページ表示は現在のページ内）	Sort within each container (current page for paged views)	Je Behälter sortieren (bei Seitenansicht nur aktuelle Seite)	Tri par conteneur (page actuelle pour les vues paginées)	각 보관함 내 정렬 (페이지 표시는 현재 페이지만)	各容器内排序（分页时仅当前页）	各容器內排序（分頁時僅目前頁）
マーケット販売履歴	Market sales history	Marktverkaufsverlauf	Historique des ventes du marché	시장 판매 기록	市场销售记录	市場銷售紀錄
所属リテイナー合計	All owned retainers	Alle eigenen Gehilfen	Tous les servants associés	소속 집사 합계	所属雇员合计	所屬雇員合計
開くと販売履歴を読み込みます。	Expand to load sales history.	Zum Laden des Verkaufsverlaufs öffnen.	Développez pour charger les ventes.	펼치면 판매 기록을 읽습니다.	展开以加载销售记录。	展開以載入銷售紀錄。
売上合計	Sales total	Verkaufssumme	Total des ventes	매출 합계	销售合计	銷售合計
販売額	Sales value	Verkaufswert	Montant des ventes	판매 금액	销售金额	銷售金額
販売履歴はありません。	No sales history.	Kein Verkaufsverlauf.	Aucun historique de ventes.	판매 기록이 없습니다.	无销售记录。	無銷售紀錄。
再試行	Retry	Erneut versuchen	Réessayer	재시도	重试	重試
出品	Listings	Angebote	Offres	출품	出售	出售
この条件の保管先は記録されていません。	No locations recorded for these filters.	Keine Lagerorte für diese Filter erfasst.	Aucun emplacement enregistré pour ces filtres.	이 조건의 보관처 기록이 없습니다.	无符合条件的存放处记录。	無符合條件的存放處紀錄。
合計出品	Total listings	Angebote gesamt	Total des offres	출품 합계	出售合计	出售合計
リテイナーの記録はありません。	No retainer records.	Keine Gehilfenaufzeichnungen.	Aucun servant enregistré.	집사 기록이 없습니다.	无雇员记录。	無雇員紀錄。
該当する保管先はありません。	No matching locations.	Keine passenden Lagerorte.	Aucun emplacement correspondant.	해당 보관처가 없습니다.	无匹配存放处。	無符合存放處。
一致するページ	Matching pages	Passende Seiten	Pages correspondantes	일치하는 페이지	匹配页面	符合頁面
保存順	Saved order	Gespeicherte Reihenfolge	Ordre sauvegardé	저장 순서	保存顺序	儲存順序
現在のページだけを読み込みます。ゲーム内の絞り込み・並べ替えによってソートは異なります。	Only the current page is loaded. Order depends on in-game filtering and sorting.	Nur die aktuelle Seite wird geladen. Die Reihenfolge hängt von Filtern und Sortierung im Spiel ab.	Seule la page actuelle est chargée. L’ordre dépend des filtres et du tri en jeu.	현재 페이지만 읽습니다. 게임 내 필터·정렬에 따라 순서가 다릅니다.	仅加载当前页，顺序取决于游戏内筛选和排序。	僅載入目前頁，順序取決於遊戲內篩選和排序。
スタック（開いて表示）	 stacks (expand to view)	 Stapel (zum Anzeigen öffnen)	 piles (développer pour voir)	묶음 (펼쳐서 표시)	堆叠（展开查看）	堆疊（展開查看）
保存データ上の配置なし	No saved slot assignment	Keine gespeicherte Platzierung	Aucun emplacement sauvegardé	저장 데이터에 배치 없음	存档无位置	存檔無位置
配置なし	Unplaced	Nicht platziert	Non placé	배치 없음	未放置	未放置
左から右へ、上から下へ（保存時の配置）	Left to right, top to bottom (saved layout)	Von links nach rechts, oben nach unten (gespeichert)	De gauche à droite, de haut en bas (sauvegarde)	왼쪽에서 오른쪽, 위에서 아래 (저장 배치)	从左到右、从上到下（保存布局）	由左至右、由上至下（儲存配置）
保存データ上のアイテムなし	No item in saved data	Kein Gegenstand in gespeicherten Daten	Aucun objet dans la sauvegarde	저장 데이터에 아이템 없음	存档无物品	存檔無物品
この保管先は一覧形式で表示します。位置は保存スロット番号です。	This location uses a list. Position is the saved slot number.	Dieser Lagerort wird als Liste angezeigt. Position bezeichnet die gespeicherte Platznummer.	Cet emplacement est affiché en liste. La position est le numéro de case sauvegardé.	이 보관처는 목록으로 표시합니다. 위치는 저장된 슬롯 번호입니다.	此位置以列表显示，位置为保存的槽位编号。	此位置以清單顯示，位置為儲存的欄位編號。
個をハイライト（表示中の範囲）	 items highlighted (visible range)	 Gegenstände hervorgehoben (sichtbarer Bereich)	 objets surlignés (zone affichée)	개 강조 (표시 범위)	个已突出显示（当前范围）	個已醒目顯示（目前範圍）
ドレッサーの記録がありません。	No dresser records.	Keine Projektionskommoden-Aufzeichnungen.	Aucun enregistrement de coiffeuse.	투영 세트 보관함 기록이 없습니다.	无投影台记录。	無投影臺紀錄。
預かりギルの残高推移。全体合計は除外キャラクターのリテイナーを除きます。販売収入とは別に、預け入れ・引き出しも反映します。	Retainer gil balances over time. Totals exclude retainers of excluded characters. Deposits and withdrawals are included separately from sales income.	Gehilfen-Gil im Verlauf. Gehilfen ausgeschlossener Charaktere fehlen in Summen. Einzahlungen und Abhebungen zählen unabhängig von Verkäufen.	Évolution du solde des servants. Les servants des personnages exclus sont omis des totaux. Dépôts et retraits sont inclus indépendamment des ventes.	집사 길 잔액 추이입니다. 제외 캐릭터의 집사는 합계에서 제외하며 판매 수입과 별도로 입출금도 반영합니다.	雇员金币余额走势。合计排除已排除角色的雇员，存取款也会反映，与销售收入分开。	雇員金幣餘額走勢。合計排除已排除角色的雇員，存提款也會反映，與銷售收入分開。
選択キャラクター（本人＋リテイナー）のアイテム個数とNPC売却の推移。「すべて」はFCを含む全保管先。	Quantity and NPC sale value for the selected character and retainers. All includes every location, including Free Companies.	Menge und NPC-Verkaufswert des gewählten Charakters und seiner Gehilfen. Alle umfasst auch Freie Gesellschaften.	Quantité et valeur de vente PNJ du personnage et de ses servants. Tout inclut tous les emplacements, dont les compagnies libres.	선택 캐릭터와 집사의 수량·NPC 판매 추이입니다. 전체는 자유부대를 포함한 모든 보관처입니다.	所选角色及雇员的物品数量和NPC出售走势。全部包含部队等所有存放处。	所選角色及雇員的物品數量和NPC出售走勢。全部包含部隊等所有存放處。
FC別・全FC合計のポイント推移と前日比。	Credits by Free Company and overall, with daily changes.	Punkte pro Freier Gesellschaft und insgesamt, mit Tagesänderungen.	Crédits par compagnie libre et au total, avec variations quotidiennes.	자유부대별·전체 포인트 추이 및 전일 대비입니다.	各部队及全部部队点数走势和较前日变化。	各部隊及全部部隊點數走勢和較前日變化。
マイリストに設定した参照価格と、その変化を確認。	View each list's configured reference value and changes.	Referenzwerte der Listen und ihre Änderungen anzeigen.	Consultez les valeurs de référence des listes et leurs variations.	목록에 설정한 참조 가격과 변화를 확인합니다.	查看列表设定的参考价格及变化。	查看清單設定的參考價格及變化。
ギル残高と増減を確認。全体合計は除外キャラクター本人・所属リテイナーを除き、過去分も現在の除外設定で再集計します。残高差分のため、個々の入出金理由は記録されません。	View gil balances and changes. Totals exclude excluded characters and their retainers, including past records recalculated with current exclusions. Balance differences do not identify individual transaction reasons.	Gil-Bestände und Änderungen anzeigen. Summen lassen ausgeschlossene Charaktere und Gehilfen weg; historische Werte werden mit aktuellen Ausschlüssen neu berechnet. Saldoänderungen nennen keine einzelnen Transaktionsgründe.	Consultez soldes et variations de gils. Les totaux omettent personnages exclus et servants, y compris pour le passé recalculé avec les exclusions actuelles. Les différences de solde n’indiquent pas les motifs des transactions.	길 잔액과 증감을 확인합니다. 제외 캐릭터와 집사는 과거 기록도 현재 제외 설정으로 재집계합니다. 잔액 차이이므로 개별 입출금 사유는 기록되지 않습니다.	查看金币余额及变化。合计排除已排除角色及其雇员，历史数据也按当前排除设置重算。余额差值不记录每笔入出金原因。	查看金幣餘額及變化。合計排除已排除角色及其雇員，歷史資料也依目前排除設定重算。餘額差值不記錄每筆存提款原因。
すべて＝換金アイテムのNPC売却（合計）＋それ以外の所属ワールド最安出品価格（NQ/HQ別）。マーケット販売には換金アイテムを含みません。価格更新後から記録し、過去の価格は復元しません。除外キャラクターは集計しません。	All = cash items at NPC sale value plus other items at their home world's lowest listing prices (NQ/HQ separately). Cash items are excluded from market value. Recording starts after price updates; older prices are not reconstructed. Excluded characters are omitted.	Alle = NPC-Verkaufswert der Wertgegenstände plus übrige Gegenstände zum niedrigsten Angebot der Heimatwelt (NQ/HQ getrennt). Wertgegenstände fehlen im Marktwert. Erfassung ab Preisaktualisierung, keine Rekonstruktion älterer Preise. Ausgeschlossene Charaktere fehlen.	Tout = valeur PNJ des objets à convertir plus autres objets au prix minimal du monde d’origine (NQ/HQ séparés). Les objets à convertir sont exclus de la valeur marchande. Enregistrement après actualisation des prix, sans reconstitution antérieure. Les personnages exclus sont omis.	전체 = 환금 아이템 NPC 판매 합계 + 나머지의 소속 서버 최저 출품가 (NQ/HQ 별도)입니다. 환금 아이템은 시장 가치에서 제외합니다. 가격 갱신 후 기록하며 과거 가격은 복원하지 않습니다. 제외 캐릭터는 집계하지 않습니다.	全部＝变现物品NPC出售合计＋其余物品所在服务器最低出售价（NQ/HQ分别）。市场价值不含变现物品。价格更新后开始记录，不补全过去价格，不统计已排除角色。	全部＝變現物品NPC出售合計＋其餘物品所在伺服器最低出售价（NQ/HQ分別）。市場價值不含變現物品。價格更新後開始記錄，不補全過去價格，不統計已排除角色。
選択範囲の保管先（出品中も含む）を集計します。キャラクター別の推移は今回の更新から記録し、過去の全体記録からは復元しません。通貨は除外、クリスタルは含みます。NPC売却は各記録時点のNQ単価×個数で、実際の販売収入ではありません。	Totals cover selected locations, including listings. Character history starts with this update and is not reconstructed from older overall records. Currencies are excluded, crystals included. NPC value is recorded NQ unit price × quantity, not actual sales income.	Summen umfassen gewählte Lagerorte und Angebote. Charakterverläufe beginnen mit diesem Update; keine Rekonstruktion aus älteren Gesamtdaten. Währungen ausgeschlossen, Kristalle enthalten. NPC-Wert = erfasster NQ-Stückpreis × Menge, kein tatsächlicher Erlös.	Totaux des emplacements choisis, offres incluses. L’historique par personnage commence avec cette mise à jour, sans reconstitution depuis les anciens totaux. Monnaies exclues, cristaux inclus. Valeur PNJ = prix NQ enregistré × quantité, pas les recettes réelles.	출품을 포함한 선택 보관처를 집계합니다. 캐릭터별 추이는 이번 업데이트부터 기록하며 과거 전체 기록에서 복원하지 않습니다. 화폐는 제외하고 크리스탈은 포함합니다. NPC 판매는 기록 당시 NQ 단가×수량이며 실제 판매 수입이 아닙니다.	统计所选存放处（含出售中）。角色历史从此次更新起记录，不从过去整体记录还原。货币排除、水晶包含。NPC出售为记录时NQ单价×数量，并非实际销售收入。	統計所選存放處（含出售中）。角色歷史從此次更新起記錄，不從過去整體紀錄還原。貨幣排除、水晶包含。NPC出售為紀錄時NQ單價×數量，並非實際銷售收入。
FCポイントは記録開始後の値を表示します。過去の未記録分は復元できません。前日比は前日の記録がある場合に表示します。	FC credits are shown from the start of recording. Missing past records cannot be recovered. Daily change requires a record for the previous day.	FG-Punkte werden ab Erfassungsbeginn angezeigt. Fehlende frühere Werte sind nicht wiederherstellbar. Tagesänderungen benötigen einen Vortagseintrag.	Les crédits de CL sont affichés depuis le début de l’enregistrement. Le passé manquant ne peut être restauré. La variation quotidienne nécessite une entrée la veille.	부대 포인트는 기록 시작 후 값입니다. 과거 미기록분은 복원할 수 없으며 전일 기록이 있을 때 전일 대비를 표시합니다.	部队点数仅显示记录开始后的值，过去未记录部分无法恢复。前一天有记录时才显示前日变化。	部隊點數僅顯示紀錄開始後的值，過去未紀錄部分無法恢復。前一天有紀錄時才顯示前日變化。
マイリスト全体の個数と、設定した参照価格です。保存済みの保管先除外を反映します。画面の一時フィルターは反映しません。個数は今回から記録し、過去の未記録分は復元しません。	Whole-list quantities and configured reference prices. Saved location exclusions apply; temporary view filters do not. Quantity recording starts now; missing past values are not reconstructed.	Mengen der gesamten Liste und gewählte Referenzpreise. Gespeicherte Lagerortausschlüsse gelten, temporäre Ansichtsfilter nicht. Mengenerfassung beginnt jetzt, ohne Rekonstruktion früherer Werte.	Quantités de la liste entière et prix de référence choisis. Les exclusions sauvegardées s’appliquent, pas les filtres temporaires. L’enregistrement des quantités commence maintenant, sans reconstitution du passé.	목록 전체 수량과 설정된 참조 가격입니다. 저장된 보관처 제외를 반영하고 임시 화면 필터는 반영하지 않습니다. 수량은 지금부터 기록하며 과거 미기록분은 복원하지 않습니다.	显示整个列表数量及设定参考价格。应用已保存的位置排除，不应用临时筛选。数量从现在开始记录，不补全过去缺失数据。	顯示整個清單數量及設定參考價格。套用已儲存的位置排除，不套用臨時篩選。數量從現在開始記錄，不補全過去缺失資料。
キャラクター・リテイナー・FCチェストの所持ギル残高です。販売額とは別に、ギルの預け入れ・引き出しでも変動します。リテイナー単体の値は全体合計に重複加算しません。増減は保存時点の残高差分であり、取引ごとの収支明細ではありません。	Gil balances for characters, retainers and FC chests. Deposits and withdrawals affect balances as well as sales. Retainer values are not counted twice in totals. Changes are differences between saved balances, not individual transaction details.	Gil-Bestände von Charakteren, Gehilfen und FG-Truhen. Einzahlungen und Abhebungen ändern Bestände ebenso wie Verkäufe. Gehilfenwerte werden nicht doppelt gezählt. Änderungen sind Differenzen gespeicherter Salden, keine Einzeltransaktionen.	Soldes de gils des personnages, servants et coffres de CL. Dépôts et retraits affectent les soldes comme les ventes. Les servants ne sont pas comptés deux fois. Les variations sont des différences entre sauvegardes, pas des transactions détaillées.	캐릭터·집사·부대 금고의 길 잔액입니다. 판매뿐 아니라 입출금도 반영합니다. 집사 금액은 전체 합계에 중복 가산하지 않습니다. 증감은 저장 잔액의 차이이며 개별 거래 내역이 아닙니다.	角色、雇员及部队储物箱的金币余额，销售及存取款均会影响。雇员金额不会重复计入合计。变化为保存余额之差，并非每笔交易明细。	角色、雇員及部隊儲物箱的金幣餘額，銷售及存提款均會影響。雇員金額不會重複計入合計。變化為儲存餘額之差，並非每筆交易明細。
集計期間は日本時間の0:00〜24:00（翌日0:00は翌日分）。前日比は前日の記録がある場合だけ表示します。	Days run from 00:00 to 24:00 Japan time; midnight belongs to the next day. Daily change is shown only when the previous day has a record.	Tage laufen von 00:00 bis 24:00 japanischer Zeit; Mitternacht zählt zum nächsten Tag. Tagesänderung nur bei vorhandenem Vortagseintrag.	Journées de 00:00 à 24:00, heure du Japon ; minuit appartient au lendemain. Variation affichée seulement si la veille est enregistrée.	집계는 일본 시간 0:00~24:00이며 자정은 다음 날에 속합니다. 전일 기록이 있는 경우에만 전일 대비를 표시합니다.	按日本时间0:00至24:00统计，午夜属于次日。仅在前日有记录时显示变化。	依日本時間0:00至24:00統計，午夜屬於次日。僅在前日有紀錄時顯示變化。
確認済み金額の合計	Total of known values	Summe bekannter Werte	Total des valeurs connues	확인된 금액 합계	已知金额合计	已知金額合計
記録開始	Recording started	Erfassungsbeginn	Début de l’enregistrement	기록 시작	记录开始	紀錄開始
キャラクター（本人＋リテイナー）	Character and retainers	Charakter und Gehilfen	Personnage et servants	캐릭터 및 집사	角色及雇员	角色及雇員
全リテイナー所持ギル	All retainers' gil	Gil aller Gehilfen	Gils de tous les servants	모든 집사 보유 길	全部雇员金币	全部雇員金幣
全体（キャラクター・リテイナー・FC所持ギル）	All gil (characters, retainers, FCs)	Alle Gil (Charaktere, Gehilfen, FG)	Tous les gils (personnages, servants, CL)	전체 길 (캐릭터·집사·부대)	全部金币（角色、雇员、部队）	全部金幣（角色、雇員、部隊）
全キャラクター（本人＋リテイナー）	All characters and retainers	Alle Charaktere und Gehilfen	Tous les personnages et servants	모든 캐릭터 및 집사	全部角色及雇员	全部角色及雇員
全マイリスト参考価格（重複含む）	All list values (including duplicates)	Alle Listenwerte (mit Mehrfachzählung)	Valeur de toutes les listes (doublons inclus)	모든 목록 참고 가격 (중복 포함)	全部列表参考价（含重复）	全部清單參考價（含重複）
の推移	 history	 Verlauf	 : évolution	 추이	走势	走勢
の金額推移	 value history	 Wertverlauf	 : évolution de valeur	 금액 추이	金额走势	金額走勢
の販売額（手数料差引前・	 sales (before fees; 	 Verkäufe (vor Gebühren; 	 : ventes (avant frais ; 	 판매액 (수수료 차감 전·	销售额（手续费前·	銷售額（手續費前·
数量	Quantity	Menge	Quantité	수량	数量	數量
区分	Category	Kategorie	Catégorie	구분	分类	分類
該当する通貨の記録がありません。	No matching currency records.	Keine passenden Währungsaufzeichnungen.	Aucune monnaie correspondante enregistrée.	해당 화폐 기록이 없습니다.	无匹配货币记录。	無符合貨幣紀錄。
価格不明あり	Includes unknown prices	Mit unbekannten Preisen	Prix inconnus inclus	가격 불명 포함	含未知价格	含未知價格
NPC売却（合計）・換金アイテム数量	NPC sale total / cash item quantity	NPC-Verkaufssumme / Wertgegenstandsmenge	Total vente PNJ / quantité à convertir	NPC 판매 합계 / 환금 아이템 수량	NPC出售合计／变现物品数量	NPC出售合計／變現物品數量
アクティブキャラクター本人・所属リテイナーの合計（FCは含みません）。換金アイテムはタグを付けたアイテムの全保管先・出品中を含み、NQのNPC売却単価×個数で評価します。検索・一覧フィルターによらず、除外キャラクターは集計しません。	Totals cover active characters and their retainers, excluding FCs. Cash items include all locations and listings for tagged items, valued at NQ NPC sale price × quantity. Excluded characters are omitted regardless of search or list filters.	Summen enthalten aktive Charaktere und ihre Gehilfen, ohne FG. Markierte Wertgegenstände umfassen alle Lagerorte und Angebote, bewertet zum NQ-NPC-Verkaufspreis × Menge. Ausgeschlossene Charaktere fehlen unabhängig von Such- und Listenfiltern.	Totaux des personnages actifs et de leurs servants, hors CL. Les objets à convertir incluent tous les emplacements et offres des objets marqués, au prix de vente PNJ NQ × quantité. Les personnages exclus sont omis quels que soient les filtres.	활성 캐릭터와 집사의 합계이며 자유부대는 제외합니다. 환금 태그 아이템은 모든 보관처와 출품을 포함해 NQ NPC 판매가×수량으로 평가합니다. 검색·목록 필터와 관계없이 제외 캐릭터는 집계하지 않습니다.	合计包括活跃角色及其雇员，不含部队。变现标签物品包含全部存放处及出售中，以NQ的NPC出售单价×数量估值。无论搜索或列表筛选如何，均排除已排除角色。	合計包含活躍角色及其雇員，不含部隊。變現標籤物品包含全部存放處及出售中，以NQ的NPC出售單價×數量估值。無論搜尋或清單篩選如何，均排除已排除角色。
CSVの末尾が不完全です。次回の保存後に再読込してください。	CSV is incomplete. Reload after the next save.	CSV ist unvollständig. Nach dem nächsten Speichern neu laden.	Le CSV est incomplet. Rechargez après la prochaine sauvegarde.	CSV 끝부분이 불완전합니다. 다음 저장 후 다시 읽어 주세요.	CSV末尾不完整，请在下次保存后重新加载。	CSV末尾不完整，請於下次儲存後重新載入。
行目	 line	 Zeile	 ligne	행	行	行
対応する27列形式ではありません	Expected the supported 27-column format	Unterstütztes 27-Spalten-Format erwartet	Format pris en charge à 27 colonnes requis	지원하는 27열 형식이 아닙니다	需要支持的27列格式	需要支援的27欄格式
が見つかりません。	 not found.	 nicht gefunden.	 introuvable.	을(를) 찾을 수 없습니다.	未找到。	找不到。
ハウス	House	Haus	Maison	하우스	房屋	房屋
番地	 plot	 Grundstück	 parcelle	번지	号地	號地
アパルトメント	Apartment	Apartment	Appartement	아파트	公寓	公寓
全体（キャラクター＋FC所持ギル）	All gil (characters and FCs)	Alle Gil (Charaktere und FG)	Tous les gils (personnages et CL)	전체 길 (캐릭터 및 부대)	全部金币（角色及部队）	全部金幣（角色及部隊）
対象アイテムを確認中	Checking target items	Zielgegenstände werden geprüft	Vérification des objets concernés	대상 아이템 확인 중	正在检查目标物品	正在檢查目標物品
件並列	 concurrent requests	 gleichzeitige Anfragen	 requêtes simultanées	건 병렬	个并行请求	個並行要求
の最安価格を取得中	: fetching lowest prices	: niedrigste Preise werden abgerufen	 : récupération des prix minimaux	 최저가 가져오는 중	：正在获取最低价	：正在取得最低價
更新完了（一部取得できませんでした。前回価格を保持）	Update complete (some requests failed; previous prices retained)	Aktualisiert (einige Abrufe fehlgeschlagen; alte Preise beibehalten)	Actualisation terminée (certains échecs ; prix précédents conservés)	업데이트 완료 (일부 실패, 이전 가격 유지)	更新完成（部分失败，保留原价格）	更新完成（部分失敗，保留原價格）
列形式ではありません。	: unsupported column format.	: nicht unterstütztes Spaltenformat.	 : format de colonnes non pris en charge.	: 지원하지 않는 열 형식입니다.	：不支持的列格式。	：不支援的欄格式。
値が不正です。	: invalid value.	: ungültiger Wert.	 : valeur non valide.	: 잘못된 값입니다.	：值无效。	：值無效。
販売履歴の日時が範囲外です。	Sales history timestamp is out of range.	Verkaufszeitstempel außerhalb des gültigen Bereichs.	Date de vente hors limites.	판매 기록 시각이 범위를 벗어났습니다.	销售记录时间超出范围。	銷售紀錄時間超出範圍。
販売履歴の金額・個数が範囲外です。	Sales amount or quantity is out of range.	Verkaufsbetrag oder Menge außerhalb des gültigen Bereichs.	Montant ou quantité de vente hors limites.	판매 금액·수량이 범위를 벗어났습니다.	销售金额或数量超出范围。	銷售金額或數量超出範圍。
金額履歴を読み込めません。元ファイルを保持し、追記を停止しています。	Cannot read value history. Original file preserved; appending stopped.	Wertverlauf nicht lesbar. Originaldatei erhalten; weitere Einträge gestoppt.	Historique des valeurs illisible. Fichier original préservé ; ajout suspendu.	금액 기록을 읽을 수 없어 원본을 유지하고 추가 기록을 중단했습니다.	无法读取金额历史，已保留原文件并停止追加。	無法讀取金額歷史，已保留原檔案並停止追加。
金額履歴を保存できません。保存先を確認してください。	Cannot save value history. Check the destination.	Wertverlauf nicht speicherbar. Speicherort prüfen.	Impossible d’enregistrer les valeurs. Vérifiez la destination.	금액 기록을 저장할 수 없습니다. 저장 경로를 확인하세요.	无法保存金额历史，请检查保存位置。	無法儲存金額歷史，請檢查儲存位置。
変更履歴の形式が不正です	Invalid activity history format	Ungültiges Änderungsverlaufsformat	Format d’historique d’activité non valide	변경 기록 형식 오류	变动记录格式无效	變動紀錄格式無效
変更履歴を読み込めないため、古いキャラクターの判定を停止しています。	Activity history cannot be read; inactivity detection is suspended.	Änderungsverlauf nicht lesbar; Inaktivitätserkennung pausiert.	Historique d’activité illisible ; détection d’inactivité suspendue.	변경 기록을 읽을 수 없어 비활성 캐릭터 판정을 중단했습니다.	无法读取变动历史，已暂停不活跃角色判定。	無法讀取變動歷史，已暫停不活躍角色判定。
変更日時を保存できないため、古いキャラクターの判定を停止しています。	Activity times cannot be saved; inactivity detection is suspended.	Änderungszeiten nicht speicherbar; Inaktivitätserkennung pausiert.	Dates d’activité non enregistrables ; détection d’inactivité suspendue.	변경 시각을 저장할 수 없어 비활성 캐릭터 판정을 중단했습니다.	无法保存变动时间，已暂停不活跃角色判定。	無法儲存變動時間，已暫停不活躍角色判定。
を読み込めません。元ファイルを保持しました	 cannot be read. Original file preserved	 kann nicht gelesen werden. Originaldatei erhalten	 est illisible. Fichier original préservé	 읽기 실패. 원본 파일 유지	无法读取，已保留原文件	無法讀取，已保留原檔案
を超えています。	 limit exceeded.	 Grenze überschritten.	 : limite dépassée.	 한도 초과입니다.	超出限制。	超出限制。
販売履歴の保存中です。次回読込を待っています。	Sales history is being saved. Waiting for the next read.	Verkaufsverlauf wird gespeichert. Nächster Leseversuch abgewartet.	Ventes en cours de sauvegarde. Attente de la prochaine lecture.	판매 기록 저장 중입니다. 다음 읽기를 기다립니다.	销售记录正在保存，等待下次读取。	銷售紀錄正在儲存，等待下次讀取。
販売履歴が空になったため、最後の読込結果を保持しています。	Sales history became empty; keeping the last successful read.	Verkaufsverlauf wurde leer; letzter erfolgreicher Stand bleibt erhalten.	Historique devenu vide ; dernière lecture réussie conservée.	판매 기록이 비어 마지막 읽기 결과를 유지합니다.	销售记录变为空，保留上次成功读取结果。	銷售紀錄變為空，保留上次成功讀取結果。
単独では販売履歴を取得できません。	 alone cannot provide sales history.	 allein liefert keinen Verkaufsverlauf.	 seul ne fournit pas l’historique des ventes.	만으로는 판매 기록을 가져올 수 없습니다.	单独无法获取销售记录。	單獨無法取得銷售紀錄。
AllaganMarketの名前設定を読み込めません。Allagan Toolsの名前情報を使用しています。	Cannot read AllaganMarket names. Using Allagan Tools names.	AllaganMarket-Namen nicht lesbar. Allagan-Tools-Namen werden verwendet.	Noms AllaganMarket illisibles. Utilisation des noms Allagan Tools.	AllaganMarket 이름 설정을 읽을 수 없어 Allagan Tools 이름을 사용합니다.	无法读取AllaganMarket名称设置，使用Allagan Tools名称。	無法讀取AllaganMarket名稱設定，使用Allagan Tools名稱。
設定ファイルが	Configuration file: 	Konfigurationsdatei: 	Fichier de configuration : 	설정 파일: 	设置文件：	設定檔案：
キャラクター設定が見つからないため、保管者IDで表示しています。	Character settings not found; displaying holder IDs.	Charaktereinstellungen nicht gefunden; Besitzer-IDs werden angezeigt.	Paramètres des personnages introuvables ; affichage des ID des détenteurs.	캐릭터 설정이 없어 보관자 ID로 표시합니다.	未找到角色设置，以持有者ID显示。	找不到角色設定，以持有者ID顯示。
保管者名の読込	Holder name loading	Laden der Besitzernamen	Chargement des noms de détenteurs	보관자 이름 읽기	读取持有者名称	讀取持有者名稱
Allagan Toolsが保存中です。次回の読込を待っています。	Allagan Tools is saving. Waiting for the next read.	Allagan Tools speichert. Nächster Leseversuch abgewartet.	Allagan Tools sauvegarde. Attente de la prochaine lecture.	Allagan Tools 저장 중입니다. 다음 읽기를 기다립니다.	Allagan Tools正在保存，等待下次读取。	Allagan Tools正在儲存，等待下次讀取。
名前は1〜80文字で入力してください。	Enter a name of 1–80 characters.	Namen mit 1–80 Zeichen eingeben.	Saisissez un nom de 1 à 80 caractères.	이름은 1~80자로 입력하세요.	名称须为1至80个字符。	名稱須為1至80個字元。
アイテムIDが不正です。	Invalid item ID.	Ungültige Gegenstands-ID.	ID d’objet non valide.	아이템 ID가 잘못되었습니다.	物品ID无效。	物品ID無效。
リストは100件までです。	A maximum of 100 lists is allowed.	Maximal 100 Listen erlaubt.	100 listes au maximum.	목록은 최대 100개입니다.	最多100个列表。	最多100個清單。
目標数は0〜999999999で入力してください。	Target quantity must be between 0 and 999999999.	Zielmenge muss zwischen 0 und 999999999 liegen.	La quantité cible doit être comprise entre 0 et 999999999.	목표 수량은 0~999999999로 입력하세요.	目标数量须为0至999999999。	目標數量須為0至999999999。
inventories.csvの絶対パスを指定してください。	Specify the absolute path to inventories.csv.	Absoluten Pfad zu inventories.csv angeben.	Indiquez le chemin absolu de inventories.csv.	inventories.csv의 절대 경로를 지정하세요.	请指定inventories.csv的绝对路径。	請指定inventories.csv的絕對路徑。
見つかりません。	Not found.	Nicht gefunden.	Introuvable.	찾을 수 없습니다.	未找到。	找不到。
このポートは使用中です。既に起動していないか確認してください。	This port is in use. Check whether the site is already running.	Dieser Port wird verwendet. Prüfen Sie, ob die Website bereits läuft.	Ce port est utilisé. Vérifiez si le site est déjà lancé.	이 포트는 사용 중입니다. 사이트가 이미 실행 중인지 확인하세요.	端口被占用，请检查网站是否已运行。	連接埠已被使用，請檢查網站是否已執行。
アーマリー	Armoury	Arsenal	Arsenal	장비함	兵装库	兵裝庫
副道具	Secondary tool	Nebenhandwerkzeug	Outil secondaire	보조 도구	副工具	副工具
ソウルクリスタル	Soul crystal	Seelenkristall	Cristal d’âme	소울 크리스탈	灵魂水晶	靈魂水晶
主道具	Primary tool	Haupthandwerkzeug	Outil principal	주 도구	主工具	主工具
リテイナー所持ギル	Retainer gil	Gehilfen-Gil	Gils du servant	집사 보유 길	雇员金币	雇員金幣
リテイナークリスタル	Retainer crystals	Gehilfenkristalle	Cristaux du servant	집사 크리스탈	雇员水晶	雇員水晶
チェストのギル	Chest gil	Truhen-Gil	Gils du coffre	금고 길	储物箱金币	儲物箱金幣
分類不明	Unknown category	Unbekannte Kategorie	Catégorie inconnue	분류 불명	分类未知	分類未知
ページ送りが停止しました。	Pagination stopped.	Seitennavigation gestoppt.	Pagination arrêtée.	페이지 이동이 중단되었습니다.	翻页已停止。	翻頁已停止。
のデータ版が変更されました。再実行してください。	 data version changed. Try again.	 Datenversion geändert. Erneut versuchen.	 : version des données modifiée. Réessayez.	 데이터 버전이 변경되었습니다. 다시 시도하세요.	数据版本已变更，请重试。	資料版本已變更，請重試。
保存された画面は利用できません	Saved view is unavailable	Gespeicherte Ansicht nicht verfügbar	Vue sauvegardée indisponible	저장된 화면을 사용할 수 없습니다	保存的页面不可用	儲存的頁面無法使用
マイリストが見つかりません	List not found	Liste nicht gefunden	Liste introuvable	목록을 찾을 수 없습니다	未找到列表	找不到清單
接続できません	Cannot connect	Verbindung nicht möglich	Connexion impossible	연결할 수 없습니다	无法连接	無法連線
ロドスト更新中	Updating Lodestone	Lodestone wird aktualisiert	Actualisation du Lodestone	로드스톤 업데이트 중	正在更新Lodestone	正在更新Lodestone
保存データを確認してください	Check saved data	Gespeicherte Daten prüfen	Vérifiez les données sauvegardées	저장 데이터를 확인하세요	请检查保存数据	請檢查儲存資料
アイテム辞書がありません。「接続・データ設定」で日本語名・NPC価格を更新してください。	No item catalog. Update Japanese names and NPC prices in Connection and data settings.	Kein Gegenstandskatalog. Japanische Namen und NPC-Preise in den Verbindungs- und Dateneinstellungen aktualisieren.	Catalogue absent. Actualisez les noms japonais et prix PNJ dans les paramètres de connexion et données.	아이템 사전이 없습니다. 연결·데이터 설정에서 일본어 이름과 NPC 가격을 업데이트하세요.	没有物品目录，请在连接及数据设置中更新日文名称和NPC价格。	沒有物品目錄，請在連線及資料設定中更新日文名稱和NPC價格。
更新	Update	Aktualisieren	Actualiser	갱신	更新	更新
をリストから削除	: remove from list	: aus Liste entfernen	 : retirer de la liste	: 목록에서 삭제	：从列表删除	：從清單刪除
のお気に入り	: favorite	: Favorit	 : favori	 즐겨찾기	收藏	收藏
の保管場所	: locations	: Lagerorte	 : emplacements	 보관 장소	存放位置	存放位置
収集	Collectable	Sammlerstück	Collectionnable	소장품	收藏品	收藏品
換金アイテムは除外	Cash items excluded	Wertgegenstände ausgeschlossen	Objets à convertir exclus	환금 아이템 제외	排除变现物品	排除變現物品
マイリストのマーケット価格（合計）	List market value total	Marktwertsumme der Liste	Valeur marchande totale de la liste	목록 시장 가격 합계	列表市场价值合计	清單市場價值合計
マイリストのNPC売却（合計）	List NPC sale total	NPC-Verkaufssumme der Liste	Total de vente PNJ de la liste	목록 NPC 판매 합계	列表NPC出售合计	清單NPC出售合計
リスト全体・除外設定を反映	Whole list, exclusions applied	Gesamte Liste mit Ausschlüssen	Liste entière avec exclusions	전체 목록·제외 설정 반영	整个列表，应用排除	整個清單，套用排除
単価換算	Unit price estimate	Stückpreisschätzung	Estimation au prix unitaire	단가 환산	单价折算	單價換算
種類は除外	 types excluded	 Arten ausgeschlossen	 types exclus	종 제외	种已排除	種已排除
前日比は保存済みリスト設定での金額	Daily change uses saved list settings	Tagesänderung gemäß gespeicherten Listeneinstellungen	Variation calculée selon les paramètres de liste sauvegardés	전일 대비는 저장된 목록 설정 금액	前日变化按保存的列表设置计算	前日變化依儲存的清單設定計算
の検索結果	: search results	: Suchergebnisse	 : résultats de recherche	 검색 결과	搜索结果	搜尋結果
検索語や保管者・保管場所の条件を変えてください。	Change the search, holder or location filters.	Suchbegriff, Besitzer- oder Lagerortfilter ändern.	Modifiez la recherche ou les filtres de détenteur et d’emplacement.	검색어·보관자·보관 장소 조건을 바꿔 주세요.	请更改搜索词、持有者或存放位置条件。	請變更搜尋詞、持有者或存放位置條件。
現在の条件に一致する出品中アイテムはありません。	No listings match the current filters.	Keine Angebote für die aktuellen Filter.	Aucune offre ne correspond aux filtres actuels.	현재 조건에 맞는 출품 아이템이 없습니다.	没有符合当前条件的出售物品。	沒有符合目前條件的出售物品。
の保存ファイルを接続すると、ここに表示されます。	 saved files will appear here once connected.	 Speicherdateien erscheinen hier nach dem Verbinden.	 : les sauvegardes apparaîtront ici après connexion.	 저장 파일을 연결하면 여기에 표시됩니다.	连接保存文件后在此显示。	連接儲存檔案後於此顯示。
を押すと、ここに登録されます。	 adds it here.	 fügt es hier hinzu.	 l’ajoute ici.	을(를) 누르면 여기에 등록됩니다.	点击后添加至此。	點擊後新增至此。
「所持アイテム」で検索し、追加先を選んで「＋ 追加」を押してください。	Search Owned items, choose a destination, then click Add.	Unter Besitzte Gegenstände suchen, Ziel wählen und Hinzufügen anklicken.	Recherchez dans Objets possédés, choisissez une destination et cliquez sur Ajouter.	보유 아이템에서 검색하고 추가할 목록을 선택한 후 추가를 누르세요.	在持有物品中搜索，选择目标并点击添加。	在持有物品中搜尋，選擇目標並點擊新增。
目標数を入力してください。	Enter a target quantity.	Zielmenge eingeben.	Saisissez une quantité cible.	목표 수량을 입력하세요.	请输入目标数量。	請輸入目標數量。
目標数を保存しました	Target quantity saved	Zielmenge gespeichert	Quantité cible enregistrée	목표 수량 저장 완료	已保存目标数量	已儲存目標數量
このマイリストの集計対象を保存しました	List aggregation scope saved	Listenbereich gespeichert	Périmètre de la liste enregistré	목록 집계 대상 저장 완료	已保存列表统计范围	已儲存清單統計範圍
市場更新	Market updated	Markt aktualisiert	Marché actualisé	시장 갱신	市场更新	市場更新
換金アイテムは対象外	Cash items excluded	Wertgegenstände ausgeschlossen	Objets à convertir exclus	환금 아이템 제외	不含变现物品	不含變現物品
未取得・出品なし	Not fetched / no listing	Nicht abgerufen / kein Angebot	Non récupéré / aucune offre	미취득 / 출품 없음	未获取／无出售	未取得／無出售
マーケット最安出品価格	Lowest market listing price	Niedrigster Marktangebotspreis	Prix minimal des offres du marché	시장 최저 출품가	市场最低出售价格	市場最低出售價格
の所有数	: quantity owned	: Besitzmenge	 : quantité possédée	 보유 수량	持有数量	持有數量
の名前をコピー	: copy name	: Namen kopieren	 : copier le nom	 이름 복사	复制名称	複製名稱
の集計対象を設定します。保管先ごとの除外は、このリストのこのアイテムだけに適用されます。	: configure totals. Location exclusions apply only to this item in this list.	: Summen konfigurieren. Lagerortausschlüsse gelten nur für diesen Gegenstand in dieser Liste.	 : configurez les totaux. Les exclusions d’emplacement concernent cet objet dans cette liste uniquement.	 집계 대상 설정입니다. 보관처 제외는 이 목록의 이 아이템에만 적용됩니다.	：设置统计范围。位置排除仅适用于此列表的此物品。	：設定統計範圍。位置排除僅適用於此清單的此物品。
選択したスタック	Selected stack	Gewählter Stapel	Pile sélectionnée	선택한 묶음	所选堆叠	所選堆疊
集計対象の所持数 × NQ単価の参考額	Included quantity × NQ unit price estimate	Enthaltene Menge × NQ-Stückpreis als Schätzung	Quantité incluse × prix unitaire NQ estimé	집계 수량 × NQ 단가 참고액	统计数量 × NQ单价参考额	統計數量 × NQ單價參考額
集計対象設定	Aggregation settings	Summeneinstellungen	Paramètres des totaux	집계 대상 설정	统计范围设置	統計範圍設定
集計対象	Included scope	Enthaltener Bereich	Périmètre inclus	집계 대상	统计范围	統計範圍
このリストでは除外中	Excluded in this list	In dieser Liste ausgeschlossen	Exclu de cette liste	이 목록에서 제외됨	已在此列表排除	已在此清單排除
このアイテムの全保管先を表示しています。除外設定は保存後も保持され、いつでも解除できます。	All locations for this item are shown. Saved exclusions are retained and can be removed at any time.	Alle Lagerorte dieses Gegenstands werden angezeigt. Gespeicherte Ausschlüsse bleiben erhalten und sind jederzeit aufhebbar.	Tous les emplacements sont affichés. Les exclusions sauvegardées sont conservées et peuvent être annulées à tout moment.	이 아이템의 모든 보관처입니다. 제외 설정은 저장 후 유지되며 언제든 해제할 수 있습니다.	显示此物品全部位置。排除设置保存后保留，可随时取消。	顯示此物品全部位置。排除設定儲存後保留，可隨時取消。
全保管先の内訳です。除外の設定はマイリスト内で行えます。	Breakdown of all locations. Configure exclusions within a list.	Aufschlüsselung aller Lagerorte. Ausschlüsse in einer Liste konfigurieren.	Détail de tous les emplacements. Configurez les exclusions dans une liste.	모든 보관처 내역입니다. 제외는 목록 안에서 설정할 수 있습니다.	全部位置明细。可在列表中设置排除。	全部位置明細。可在清單中設定排除。
を削除します。所持品データやお気に入りは残ります。	 will be deleted. Inventory data and favorites are retained.	 wird gelöscht. Inventardaten und Favoriten bleiben erhalten.	 sera supprimé. Inventaire et favoris seront conservés.	을(를) 삭제합니다. 소지품과 즐겨찾기는 유지됩니다.	将被删除，物品数据及收藏保留。	將被刪除，物品資料及收藏保留。
検索と保管先の絞り込みを解除しました	Search and location filters cleared	Such- und Lagerortfilter entfernt	Recherche et filtres d’emplacement effacés	검색·보관처 필터 해제 완료	已清除搜索及位置筛选	已清除搜尋及位置篩選
マーケット価格の更新を開始しました。更新中も操作できます。	Market price update started. You can keep using the site.	Marktpreisaktualisierung gestartet. Die Website bleibt bedienbar.	Actualisation des prix lancée. Vous pouvez continuer à utiliser le site.	시장 가격 갱신을 시작했습니다. 갱신 중에도 조작할 수 있습니다.	已开始更新市场价格，期间可继续操作。	已開始更新市場價格，期間可繼續操作。
の表示名	: display name	: Anzeigename	 : nom affiché	 표시 이름	显示名称	顯示名稱
文字以内の文字列で指定してください。	 characters maximum.	 Zeichen maximal.	 caractères maximum.	자 이내로 입력하세요.	个字符以内。	個字元以內。
登録済み	Already added	Bereits hinzugefügt	Déjà ajouté	등록됨	已添加	已新增
新規マイリストを作成	Create a new list	Neue Liste erstellen	Créer une nouvelle liste	새 목록 만들기	新建列表	建立新清單
作成したリスト	Created list	Erstellte Liste	Liste créée	생성한 목록	已创建列表	已建立清單
一部の価格を取得できませんでした。前回価格を表示します。	Some prices could not be fetched. Showing previous prices.	Einige Preise nicht abrufbar. Vorherige Preise werden angezeigt.	Certains prix n’ont pas été récupérés. Affichage des prix précédents.	일부 가격을 가져오지 못해 이전 가격을 표시합니다.	部分价格获取失败，显示原价格。	部分價格取得失敗，顯示原價格。
一部の価格を取得できませんでした。前回価格を保持します。	Some prices could not be fetched. Keeping previous prices.	Einige Preise nicht abrufbar. Vorherige Preise bleiben erhalten.	Certains prix n’ont pas été récupérés. Prix précédents conservés.	일부 가격을 가져오지 못해 이전 가격을 유지합니다.	部分价格获取失败，保留原价格。	部分價格取得失敗，保留原價格。
種類の価格を更新しました	 item prices updated	 Gegenstandspreise aktualisiert	 prix d’objets actualisés	종 가격 갱신 완료	种物品价格已更新	種物品價格已更新
を上へ	: move up	: nach oben	 : monter	 위로	上移	上移
を下へ	: move down	: nach unten	 : descendre	 아래로	下移	下移
ロドストの	Lodestone 	Lodestone 	Lodestone 	로드스톤 	Lodestone	Lodestone
所持	Owned	Besitz	Possession	보유	持有	持有
日本	Japan	Japan	Japon	일본	日本	日本
アイテム管理	Inventory manager	Inventarverwaltung	Gestion d’inventaire	아이템 관리	物品管理	物品管理
対象の金額が不明です。確認できる金額だけを合計しています。対象数の変化も増減に含まれます。	 values are unknown. Only known values are totaled; changes in the number of recorded holders also affect the total.	 Werte sind unbekannt. Nur bekannte Werte werden summiert; Änderungen der Besitzeranzahl beeinflussen die Summe ebenfalls.	 valeurs sont inconnues. Seules les valeurs connues sont totalisées ; le nombre de détenteurs influe aussi sur le total.	대상의 금액이 불명입니다. 확인된 금액만 합산하며 기록 대상 수 변화도 합계에 반영됩니다.	个对象金额未知。仅合计已知金额，对象数量变化也影响合计。	個對象金額未知。僅合計已知金額，對象數量變化也影響合計。
対象中	 records, of which 	 Einträge, davon 	 entrées, dont 	대상 중 	个对象中	個對象中
個を除いた価格合計です。	 items excluded from value totals.	 Gegenstände von der Wertsumme ausgeschlossen.	 objets exclus du total des valeurs.	개를 제외한 가격 합계입니다.	个未计入金额合计。	個未計入金額合計。
が不正です。	 is invalid.	 ist ungültig.	 est non valide.	이(가) 올바르지 않습니다.	无效。	無效。
対応する8列形式ではありません。	Expected the supported 8-column format.	Unterstütztes 8-Spalten-Format erwartet.	Format pris en charge à 8 colonnes requis.	지원하는 8열 형식이 아닙니다.	需要支持的8列格式。	需要支援的8欄格式。
ローカルに保存されたアイテム名を検索して、画面に所持数・NPC価格・保管者別内訳を表示します。保存データは変更しません。	Search saved item names and display quantities, NPC prices and holder breakdowns. Saved data is unchanged.	Gespeicherte Namen suchen und Mengen, NPC-Preise und Besitzer anzeigen. Gespeicherte Daten bleiben unverändert.	Recherchez les noms sauvegardés et affichez quantités, prix PNJ et détails par détenteur. Les données restent inchangées.	저장된 아이템 이름을 검색하여 수량·NPC 가격·보관자 내역을 표시합니다. 저장 데이터는 변경하지 않습니다.	搜索本地物品名称，显示数量、NPC价格和持有者明细，不修改保存数据。	搜尋本機物品名稱，顯示數量、NPC價格和持有者明細，不修改儲存資料。
NPC売却（合計）順	NPC sale total	NPC-Verkaufssumme	Total vente PNJ	NPC 판매 합계순	NPC出售合计	NPC出售合計
マーケット価格順（保管先）	Market unit price (local world)	Marktstückpreis (Lagerwelt)	Prix unitaire (monde local)	시장 단가 (보관 서버)	市场单价（所在服务器）	市場單價（所在伺服器）
マーケット合計順（保管先）	Market total (local world)	Marktsumme (Lagerwelt)	Total marché (monde local)	시장 합계 (보관 서버)	市场合计（所在服务器）	市場合計（所在伺服器）
マーケット価格順（日本全体）	Market unit price (Japan)	Marktstückpreis (Japan)	Prix unitaire (Japon)	시장 단가 (일본 전체)	市场单价（日本全部）	市場單價（日本全部）
マーケット合計順（日本全体）	Market total (Japan)	Marktsumme (Japan)	Total marché (Japon)	시장 합계 (일본 전체)	市场合计（日本全部）	市場合計（日本全部）
NQ / 個	NQ / item	NQ / Stück	NQ / unité	NQ / 개	NQ / 个	NQ / 個
通常 / 個	Regular / item	Normal / Stück	Normal / unité	일반 / 개	通常 / 个	一般 / 個
NQ・HQ / 個 · 日本	NQ / HQ per item · Japan	NQ / HQ je Stück · Japan	NQ / HQ par unité · Japon	NQ / HQ 개당 · 일본	NQ / HQ每个 · 日本	NQ / HQ每個 · 日本
（1個）	 (per item)	 (je Stück)	 (par unité)	 (개당)	（每个）	（每個）
個、スロット	 items, slot 	 Stück, Platz 	 unités, case 	개, 슬롯 	个，槽位	個，欄位
区	 ward	 Bezirk	 secteur	구	区	區
列	 columns	 Spalten	 colonnes	열	列	欄
収	Collectable	Sammlerstück	Collectionnable	소장	收藏	收藏
プレイヤー所持金	Player gil	Spieler-Gil	Gils du joueur	플레이어 보유 길	玩家金币	玩家金幣
アイテム名・ID	Item name or ID	Gegenstandsname oder ID	Nom ou ID d’objet	아이템 이름·ID	物品名称或ID	物品名稱或ID
query は200文字以内の文字列で指定してください。	query must be a string of up to 200 characters.	query muss eine Zeichenfolge mit höchstens 200 Zeichen sein.	query doit être une chaîne de 200 caractères maximum.	query는 200자 이내의 문자열이어야 합니다.	query必须为200个字符以内的字符串。	query必須為200個字元以內的字串。
プレイヤー所持数	Player quantity	Spielermenge	Quantité du joueur	플레이어 보유 수량	玩家持有数量	玩家持有數量
リテイナー所持数	Retainer quantity	Gehilfenmenge	Quantité des servants	집사 보유 수량	雇员持有数量	雇員持有數量
リテイナー {0}人	{0} retainers	{0} Gehilfen	{0} servants	집사 {0}명	{0}名雇员	{0}名雇員
{0}対象中{1}対象の金額が不明です。確認できる金額だけを合計しています。対象数の変化も増減に含まれます。	{1} of {0} records have unknown values. Totals include known values only; changes in the record count also affect totals.	{1} von {0} Einträgen haben unbekannte Werte. Nur bekannte Werte werden summiert; Änderungen der Eintragszahl beeinflussen die Summe.	{1} entrées sur {0} ont une valeur inconnue. Seules les valeurs connues sont totalisées ; le nombre d’entrées influe aussi sur le total.	{0}대상 중 {1}대상의 금액이 불명입니다. 확인된 금액만 합산하며 대상 수 변화도 반영됩니다.	{0}个对象中{1}个金额未知。仅合计已知金额，对象数量变化也影响合计。	{0}個對象中{1}個金額未知。僅合計已知金額，對象數量變化也影響合計。
